Table Format: XY,X,Renumbered_mice,Group A,Group B,Group C,Group D,Group E,Group F,Group G,Group H,Group I,Group J,Group K,Group L,Group M,Group N,Group O,Group P,Group Q,Group R,Group S,Group T,Group U,Group V,Group W,Group X,Group Y
,,days from diabetes onset,-24,-23,-22,-21,-20,-19,-18,-17,-16,-15,-14,-13,-12,-11,-10,-9,-8,-7,-6,-5,-4,-3,-2,-1,0
,X,days since birth,56,57,58,59,60,61,62,63,64,65,66,67,68,69,70,71,72,73,74,75,76,77,78,79,80
,,time calibration,0,1,2,3,4,5,6,7,8,9,10,11,12,13,14,15,16,17,18,19,20,21,22,23,24
,0,1,,,,,,,,,,110,,,,,,,,124,,,,,,360,340
,1,2,,,,,,,,,,118,,,,,,,,103,,,,,,220,298
,2,3,,,,,,,,,,120,,,,,,,,127,,,,,,456,303
,6,4,,,,,,,,,,119,,,,,,,101,,,,,,,559,402
,9,5,,,,,,,,,,138,,,,,,,,,,120,,124,,379,570
,10,6,,,,,,,,,,117,,,,,,,,,,,,,141,600,459
,12,7,,,,,,,,,,126,,,,,,,,,,138,,144,,426,492
,13,8,,,,,,,,,,126,,,,,,,,,,161,,140,,323,414
,14,9,,,,,,,,,,121,,,,,,,141,,158,,146,,,452,378
,15,10,,,,,,,,,,140,,,,,,,,120,,129,,124,,470,499
,17,11,,,,,,,,,,120,,,,,,,132,,144,,144,,,295,337
,18,12,,,,,,,,,,126,,,,,,,151,,142,,127,,,439,512
,24,13,,,,,,,,,,132,,,,,,,,,129,,146,,,337,358
,27,14,,,,,,,,,,175,,,122,,150,,169,,,180,,166,,288,242
,29,15,,,,,,,,,,132,,,,,,,,133,,148,,130,,535,510
,30,16,,,,,,,,,,,142,,,157,,,,,,,150,,,239,272
,33,17,,,,,,,,,,155,,142,,,157,,141,,150,,,187,,529,650
,34,18,,,,,,,,,,145,,,150,,109,,146,,,152,,151,,277,262
,38,19,,,,,,,,,,111,,119,,168,,,172,,116,,175,,,471,365
,43,20,,,,,,,,,,151,,,111,,119,,153,,,179,139,150,,488,511
,44,21,,,,,,,,,,128,,137,,122,,,106,,126,,154,,,405,507
,46,22,,,,,,,,,,144,,,133,,148,,130,,,194,,138,,558,504
,48,23,,,,,,,,,,139,,,146,,128,,132,,,180,,140,147,477,459
,53,24,,,,,,,,,,130,,,,125,,133,,190,,195,,175,,501,439
,60,25,,,,,,,,,,,138,,,,,,,136,,149,,157,,307,326
,62,26,,,,,,,,,,133,,,,,,,119,,112,,165,,,320,423
,63,27,,,,,,,,,,133,,,,,,,131,,165,,151,,,479,402
,70,28,,,,,,,,,,159,,,114,,,,,,,178,,175,,463,307
,75,29,,,,,,,,,,154,,,127,,,,,,,140,,145,,283,351
,76,30,,,,,,,,,,114,,,,,,,154,,148,,170,,,496,650
,82,31,,,,,,,,,,138,,146,,150,,,131,,,,,,,236,431
,83,32,,,,,,,,,,138,,146,,150,,,131,,,,,,,366,520
take out dashes to make them one big number,88,33,,,,,,,,,,,,,170,,,,,,,173,,163,,363,375
012-559-525---8  2R,125595258,34,,107,,134,,98,,132,,141,,104,,147,,139,,179,,191,,168,,282,264
012-597-545---11  no hole,1259754511,35,,,,,,118,114,130,136,146,125,95,149,104,164,139,138,,131,,137,130,,276,426
012-816-841---32  1R,1281684132,36,,122,,146,,107,,137,,178,,143,,162,,142,,152,,163,,154,,270,357
012-559-375---36  no hole,1255937536,37,86,88,97,123,141,116,126,153,140,160,174,,152,,126,173,,142,,132,,196,,312,338
012-559-068---117  1R,12559068117,38,,,,,,,,110,91,149,121,123,116,136,170,126,136,161,133,,190,,167,362,493
012-626-823---31  no hole,1262682331,39,,173,,125,,120,,144,,136,,123,,129,,114,,155,,186,,171,,316,500
012-557-041---6  no hole,125570416,40,163,,111,111,,125,,117,,129,,181,,128,,138,,111,,187,,146,,259,274
012-623-357---12  1R,1262335712,41,109,,121,109,,133,,128,,123,,117,,125,,132,,159,,172,,173,,255,304
012-622-061---30  2L,1262206130,42,121,94,119,117,116,,138,,108,131,,109,,111,,169,,113,,147,,184,,443,510
012-587-280---96  no hole,1258728096,43,,,,,,,,105,103,108,116,118,115,126,147,111,130,149,159,,165,,61,246,256
,79022326,44,,,,,141,,141,,,93,,114,,156,,,112,,151,,140,,,371,262
,79064865,45,167,,156,,158,,,144,,132,,124,,145,,,123,,169,,186,,,432,261
,5603259,46,142,,143,,,179,,121,,150,,,182,,172,,173,,,191,,142,,256,467
,5603371,47,123,,177,,,193,,187,,179,,,152,,180,,74,,,151,,180,,286,281
,5614800,48,,,148,,158,,147,,,197,,143,,180,,,191,,156,,174,,,454,505
,55361017,49,,,,,,,,152,,,116,,103,,176,,104,,,134,,186,,410,481
,55514791,50,,,,,,,,,,,,,,,,,,,132,,,197,,299,398
,55368262,51,,,,,,,,,,,,,,,,,,,,,122,,,363,273
,55527117,52,174,,156,,106,,,155,,122,,104,,,136,,112,,138,,,165,,422,303
,55513891,53,122,,,119,,146,,116,,86,,,141,,113,,135,,,119,,158,,355,414
,55512533,54,112,,133,,111,,,115,,136,,126,,,143,,133,,127,,,178,,438,471
,55377834,55,182,,130,,130,,,160,,151,,135,,,154,,173,,153,,,188,,259,280
,55518364,56,131,,132,,115,,,117,,107,,114,,,131,,186,,142,,,153,,364,303
,55518575,57,,,,,,,,,,,,,,,,,,106,,137,,141,,260,419
,55543112,58,,,134,,125,,118,,,149,,133,,131,,,141,,148,,177,,,404,412
,55543328,59,95,,122,,119,,,106,,123,,110,,,113,,121,,122,,,155,,348,354
,69531843,60,,,,,,,,,,,,,,,,,,,103,116,,143,,307,340
,69382635,61,102,,148,,140,,,190,,177,,157,,,114,,118,,122,,,173,,465,366
,69548315,62,,,104,126,,122,,113,,125,,,122,,114,,156,,,127,,156,,276,435
,69378799,63,,,116,,133,,153,,,157,,180,,128,,,101,,132,,144,,,429,451
,69551044,64,145,,144,,,123,,162,,157,,,162,,146,,162,,,155,,163,,429,292
,69882528,65,135,,129,,108,,,141,,123,,127,,,120,,171,,199,,,164,,420,301
,69370614,66,116,,119,,119,,,130,,133,,99,,,110,,192,,200,,,142,,282,297
,69537592,67,,,120,,161,,189,,,150,,145,,184,,,124,,147,,189,,,329,315
,69536278,68,,,,,,,,,,,,,,,,,,,77,169,,188,,461,471
,69377787,69,119,,160,,134,,,102,,162,,146,,,132,,130,,183,,,163,,258,298
,75615367,70,103,,125,,122,,,115,,163,,192,,,191,,187,,184,,,158,,413,494
,75601329,71,,,,,,,,,,154,,117,,141,,,146,,155,,186,,,328,350
,75590077,72,,,,,,,,,,145,,160,,145,,,109,,160,,189,,,368,406
,75601576,73,187,,194,,,114,,122,,139,,,137,,120,,120,,,186,,194,,564,396
,75624344,74,,,,,,,,181,,164,,196,,,111,,135,,154,,,154,,295,487
,75772092,75,,136,,140,,113,,,97,,135,,111,,,133,,164,,118,,,,386,507
,79026603,76,,124,,,171,,141,,131,,,,163,,157,,120,,,121,,145,,349,450
,75586086,77,,141,,,,188,,189,,153,,,126,,154,,193,,,184,,173,,319,271
,79032024,78,,,,,,,,,,,,,,,,,,,,,,151,,399,431
,79053528,79,143,,182,,157,,,118,,174,,144,,,183,,166,,155,,,197,,414,358
,79054106,80,168,,142,,,153,,137,,165,,,186,,162,,195,,,178,,167,,311,288
,79059793,81,,145,,125,,,,137,,130,,156,,,100,,119,,194,,,193,,425,414
,79045321,82,,,151,,164,,146,,,148,,127,,147,,,176,,163,,179,,,342,417
,79032008,83,,130,,155,,128,,,148,,160,,129,,,107,,161,,141,,,,371,366
,75770615,84,,117,,168,,,105,,135,,115,,,,138,,130,,149,,,168,,268,496
No Microchip -renamed,9991,85,,,156,,115,,144,,,123,,142,,133,,,137,,165,,165,,,384,422
,75607621,86,167,,127,,163,,,114,,135,,153,,,179,,155,,180,,,196,,326,280
,75623863,87,,,161,,161,,190,,,121,,171,,129,,,137,,139,,182,,,264,278
,79070310,88,171,,159,,141,,,142,,116,,152,,,168,,143,,175,,,147,,326,347
,75599887,89,,,176,,122,,125,,,153,,127,,167,,,171,,117,,163,,,304,472
,75624292,90,117,,113,,124,,,149,,123,,131,,,171,,141,,116,,,164,,252,251
,75770063,91,,,124,,113,,123,,,128,,150,,131,,,153,,168,,180,,,282,259
,79044847,92,,,,,,,,127,,141,,111,,,135,,123,,127,,,100,,283,263
,79056587,93,,,101,,121,,173,,,193,,160,,176,,,152,,162,,185,,,317,494
,75612373,94,,,129,,138,,115,,,158,,148,,120,,,155,,162,,197,,,467,338
,75264076,95,,,198,,164,,182,,,186,,196,,164,,,159,,145,,137,,,467,324
,79022078,96,,,130,,148,,138,,,164,,149,,186,,,170,,166,,148,,,428,469
,75102882,97,,,,,,,,115,,122,,125,,,126,,122,,152,,,175,,263,300
,9063038,98,,,,112,,112,,104,,111,,111,,104,,112,,128,,134,,148,,266,311
,8636258,99,100,,171,,103,,117,,126,,157,,105,,139,,97,,138,,,147,,294,390
,8778823,100,121,,120,,165,,,132,,116,,168,,150,,137,,169,,177,,159,,279,294
,17368808,101,,,,,,,,,,,,,,,,,,,,92,,141,,301,458
,17544021,102,,,134,,125,,109,,,95,,112,,91,,,133,,132,,113,,,459,543
,5635884,103,187,,141,,88,,,78,,125,,101,,,99,,132,,118,,,189,,363,495
,17609532,104,,,106,,98,,120,,,139,,119,,150,,,129,,106,,154,,,270,366
,36010087,105,,,157,,148,,126,,,129,,,134,,145,,150,,,155,,93,,282,319
,5768574,106,,,92,,102,,91,,,92,,93,,138,,,139,,116,,165,,,259,309
,4861318,107,86,,109,,135,,,114,,124,,98,,,186,,157,,178,,,196,,264,456
,17347055,108,,,157,,117,,109,,,175,,140,,136,,,126,,156,,170,,,448,325
,17570633,109,151,,104,,,131,,123,,113,,,107,,105,,100,,,103,,144,,341,412
,17555302,110,,,108,,127,,126,,,103,,91,,129,,,167,,173,,130,,,309,395
,115,111,,,122,,161,,142,,,155,,144,,166,,,172,,113,,161,,,258,319
,117,112,,,,115,,126,,147,,111,,,130,,149,,159,,,165,,161,,246,256
,301,113,,,102,,130,,,134,,110,,162,,,155,,170,,196,,,192,,365,366
,303,114,,,125,,109,,,119,,130,,168,,,152,,194,,200,,,157,,367,397
,306,115,,,110,,129,,,128,,118,,117,,,175,,144,,179,,,176,,252,299
,307,116,,,146,,135,,,125,,135,,132,,,167,,141,,151,,165,,,248,331
,512,117,,,,,,114,,,,152,,,90,,113,,145,,,150,,186,,361,301
,513,118,,,,,,124,,,,124,,,133,,169,,144,,,179,,181,,299,345
,666,119,,,145,,158,,,131,,183,,168,,,124,,159,,154,,,150,,267,243
,667,120,,,137,,125,,118,,,106,,142,,110,,,128,,160,,193,,,358,533
,668,121,,,,,,,,,,,,,,,,129,,,,,,,,516,558
,669,122,,,113,,124,,,139,,150,,162,,,103,,175,,149,,,106,,274,349
,670,123,,,87,,,90,,101,,134,,,146,,165,,163,,,134,,141,,384,495
,671,124,,,144,,119,,159,,,121,,197,,200,,,188,,128,,180,,,345,317
,673,125,,,131,,132,,106,,,137,,127,,162,,,146,,190,,182,,,311,499
,674,126,96,,,,,,,,118,,,125,,,94,,122,,101,,,136,,345,300
,675,127,,,113,,137,,122,,,176,,112,,138,,,160,,200,,199,,,452,487
,680,128,,,158,,150,,,151,,148,,134,,,163,,171,,178,,,180,,299,310
,681,129,,,142,,,175,,136,,116,,,177,,197,,140,,,150,,147,,263,340
,692,130,130,,163,,,133,,149,,110,,,143,,161,,108,,,136,,141,,306,266
,693,131,115,,112,,,140,,153,,137,,,163,,125,,155,,,169,,154,,341,260
,694,132,115,,,,,131,,,,,,,132,,,,131,,,198,,144,,375,369
,695,133,164,,139,,152,,,199,,168,,189,,,150,,174,,147,,,163,,275,366
,696,134,,,107,,,,,,,,95,,,135,,,134,,167,,140,,,270,383
,697,135,188,,154,,174,,,139,,177,,109,,,198,,117,,104,,,189,,278,318
,3,136,,,,,,,,,,114,,,,,,,,,,204,,,242,346,502
,4,137,,,,,,,,,,181,,193,,273,215,204,163,,174,,193,,,253,270
,5,138,,,,,,,,,,117,,,,,,,,,221,,131,,220,560,578
,7,139,,,,,,,,,,122,,,,,,,145,,397,168,329,161,,386,483
,8,140,,,,,,,,165,,227,156,153,,,234,195,176,,188,218,243,329,449,362,388
,16,141,,,,,,,,,,131,,,,,147,,132,,145,,,219,238,274,296
,19,142,,,,,,,,,,126,,,,,,,151,,142,265,217,165,235,240,338
20/50,20,143,,,,,,,,,,137,,,,,143,,149,,141,,211,206,231,488,352
,21,144,,,,,,,,,,112,,,,,,,,,,206,,203,,281,354
,22,145,,,,,,,,,,129,,,,,,,200,,164,,207,156,171,267,422
,23,146,,,,,,,,,,117,,,,,,,,,,204,,219,,428,539
,25,147,,,,,,,,,,134,,129,,,150,,,,,,,203,209,326,327
,28,148,,,,,,,,,,118,,,179,,128,,124,,,203,,240,162,266,260
,31,149,,,,,,,,,,156,,149,,,203,,210,194,175,,,169,,343,435
,32,150,,,,,,,,,,118,,,179,,128,,124,,,172,,223,220,240,383
,35,151,,,,,,,,,,130,,,142,,127,,194,,206,232,232,,,591,650
,36,152,,,,,,,,,,158,,135,,210,195,,150,,136,,207,,,265,244
,37,153,,,,,,,,,,108,,141,,237,269,171,102,,183,,195,,,544,509
,39,154,,,,,,,,,,135,,,130,,138,,230,,165,,,235,236,435,275
,41,155,,,,,,,,,,189,,,187,,211,,,,,230,,355,,,470
,42,156,,,,,,,,161,,216,195,,,222,164,138,110,,,220,141,140,,423,519
,45,157,,,,,,,,,,146,117,,232,153,,175,,189,,184,,,238,579,499
,47,158,,,,,,,,,,,165,,193,,208,185,,241,167,174,,354,,,525
,49,159,,,,,,,,,,142,146,,124,,,160,,145,,166,,,225,270,444
,50,160,,,,,,,,,,138,,,,143,,150,,142,,,211,206,231,488,352
,51,161,,,,,,,,,,162,,,150,,238,186,159,,,212,229,135,,570,422
,52,162,,,,,,,,,,138,,,,,,,100,,201,190,179,,,506,418
,54,163,,,,,,,,,,154,,,,186,,218,229,200,,,193,191,,345,296
,55,164,,,,,,,,,,138,,,,,,,131,,209,140,214,,,310,278
,56,165,,,,,,,133,,216,146,200,,165,,167,,,206,,186,,527,,,288
,57,166,,,,,,,,,,127,,,,,,,119,,152,,238,,,481,522
,58,167,,,,,,,,,,114,,,,,,,199,149,146,,228,,,370,509
,61,168,,,,,,,,,,131,,,,,,,206,,172,,239,,,650,595
,64,169,,,,,,,,,,,121,,142,,139,,139,,,210,140,195,,392,547
,65,170,,,,,,,,,,128,,177,,222,152,173,,,226,229,225,,310,,323
,66,171,,,,,,,,,,145,,,,138,,,,,,,204,,466,,591
,67,172,,,,,,,,,,124,,,,,,,,109,,205,186,285,,,315
,68,173,,,,,,183,,,209,,205,160,158,,,218,,176,,150,,,281,,483
,69,174,,,,,,,,,,147,,,108,,,,,,185,,152,346,,,511
,71,175,,,,,,,,,,138,,,130,,,,,,,202,,94,,244,269
,72,176,,,,,,,,,,103,,,,,,,206,,131,,245,,,403,457
,76,177,,,,,,,,,,114,,,,,,,154,,148,,170,,,496,650
,77,178,,,,,,,,,,148,,201,,148,,,,,,,,299,,,251
,78,179,,141,,,187,232,319,194,167,231,,,128,,209,,191,,,233,,278,,,650
,80,180,,,,,,,,,,120,,,140,,,168,,153,,146,,,213,285,436
012-559-785---3  2R,125597853,181,,148,,149,,156,,115,,230,,153,161,210,,199,,134,,237,,224,,294,335
012-561-787---18  2R,1256178718,182,106,102,128,131,142,109,136,117,103,141,112,,179,,134,120,,159,,225,,149,,272,433
012-578-801---22  1R,1257880122,183,,,,,,119,105,117,136,139,128,116,136,140,164,110,229,,162,,190,176,,338,383
012-552-872---26  no hole,1255287226,184,117,119,165,150,126,,156,,119,171,,162,,183,,191,,169,,262,171,190,,559,512
012-621-336---76  no hole,1262133676,185,121,150,,149,,150,,165,,189,,147,,126,,203,,145,,176,,224,,394,424
012-625-036---83  2R,1262503683,186,,137,,157,,138,,190,,142,,212,,203,,226,,154,,194,,224,,285,316
012-552-515---87  1R,1255251587,187,117,,125,192,,146,,150,,222,,210,,215,,177,,181,,233,,194,,399,437
012-593-119---106  no hole,12593119106,188,138,,122,,122,148,,183,,149,,136,,138,,174,,171,,146,,206,,332,369
012-577-512---112  1R,12577512112,189,157,120,127,171,128,,165,,143,141,,165,,186,,157,,163,,203,,152,,301,399
012-564-337---93  2R,1256433793,190,138,,126,,157,182,,152,,166,,228,,211,,216,,146,,243,176,179,,430,381
012-588-103---27  1R,1258810327,191,152,126,,107,,129,,128,,139,,146,,143,,168,,152,,198,,202,,315,347
012-593-311---81 no hole,1259331181,192,,166,,143,,143,,200,,131,,156,,156,,179,,215,,205,,202,,290,336
012-558-316---1  no hole,125583161,193,182,168,,160,,148,,476,215,222,,199,,207,,185,,171,,180,277,201,,282,398
012-599-514---21  no hole,1259951421,194,132,108,96,131,101,,160,,123,140,,127,,125,,147,,168,,271,213,181,,472,555
012-594-368---28  2R,1259436828,195,,170,,168,,136,,162,,167,,174,,191,,199,,210,,179,,235,,286,489
012-604-533---39  1L,1260453339,196,,212,,163,,122,,161,,142,,155,,144,,166,,172,,113,,161,,258,319
012-576-772---49  1L,1257677249,197,,142,,132,,146,,163,,127,,204,,143,,187,,181,,205,,237,,348,443
012-622-577---74  1R,1262257774,198,,136,,129,,142,,120,,156,,122,,186,,163,,170,,280,172,332,196,256,438
012-623-294---82  1R,1262329482,199,,163,,114,,175,,154,,110,,176,,146,,197,,172,,176,,223,,336,362
012-627-555---90  2L,1262755590,200,161,,150,131,,158,,190,,226,,227,,178,,199,,152,,199,,153,,243,309
012-576-378---100  2L,12576378100,201,159,175,,133,,145,,159,,145,,164,,135,,226,,159,,201,,230,,338,423
012-563-073---102  1R,12563073102,202,120,120,143,119,144,161,132,136,129,180,161,,176,,141,172,,166,,151,,280,169,335,479
012-630-357---109  1L,12630357109,203,,,,,,,,130,102,121,112,117,124,123,150,117,113,172,160,,222,,94,387,541
012-620-828---120  2L,12620828120,204,,164,,195,,147,,198,,164,,186,,176,,162,,174,,218,,372,187,240,370
,71802328,205,,,169,,188,,,159,,205,,241,,,258,200,100,,201,,,290,224,263,288
,79056299,206,,,,,,,,,,,125,,,,171,,177,,194,,,254,230,294,526
,71804619,207,,,218,,280,166,215,,,283,209,229,,271,222,,203,,255,197,178,,,626,666
,79069805,208,189,,237,,,210,,257,217,197,,214,,,204,,214,,229,,,221,,253,267
,55369624,209,,173,,,138,,152,,,186,,209,,189,,,166,,161,,118,,,388,438
,79036286,210,145,,137,,,200,,165,,226,,,189,,174,,150,,154,,,191,,497,356
,79065804,211,189,,205,,187,,,200,,209,,262,195,,228,,219,,317,203,,179,,292,296
,79033846,212,,,145,,296,161,164,,,143,,219,,146,,,163,,228,,207,,,277,337
,79047300,213,,,188,,191,,179,,,212,,207,,167,,,182,,233,,213,,,312,273
,79025886,214,,179,,,149,,218,,182,,,121,,197,,,226,,172,,312,193,,335,320
,79036381,215,216,,150,,221,,,159,,167,,246,,,216,,268,246,,215,,294,245,584,302
,79060863,216,98,,111,,130,,,194,,152,,128,,,175,,353,226,208,,,207,,311,423
,71833825,217,,,,,,,,169,,153,,,112,,184,,251,171,,215,,295,116,261,340
,79070774,218,104,,118,,118,,,163,,186,,171,,,162,,201,,,157,,237,,360,253
,79067524,219,152,,177,,173,,,166,,287,217,,169,,226,,314,217,,215,,249,,277,301
,71622383,220,195,,182,,130,,,185,,221,,194,,,189,,215,,165,,208,,,468,467
,71807594,221,,,190,,126,,196,,,233,,244,,327,235,,333,188,179,,314,237,,290,291
,71821326,222,128,,144,,208,,143,,,143,,184,,172,,,165,,152,,,188,,312,271
,79050349,223,,,127,,168,,159,,,180,,165,,,119,,126,,214,,,220,,470,456
,71815377,224,139,,123,,,238,,167,,169,,224,,,199,,290,204,207,,,427,219,258,414
,71821608,225,150,,124,,137,,,141,,180,,162,,,163,,187,,209,,169,,,263,255
,79072583,226,147,,196,,,114,,197,,237,,,202,,276,204,187,,,218,,188,,303,290
,79042036,227,163,,220,,153,,178,,,171,,173,,120,,,210,,132,,222,,,259,290
,71835327,228,,174,,,212,,167,,,154,,233,,188,,,300,163,239,,203,,,354,253
,71831095,229,160,,197,,,155,,173,,126,,120,,,173,,146,,150,,,227,,525,337
,5590540,230,,,186,,224,,164,,,203,,148,,187,,,190,,174,,225,,,284,364
,5637008,231,,,138,,151,,192,,165,,,204,,207,,228,,,268,169,178,,,361,397
,5772815,232,231,,207,,,183,,179,,146,,,190,,166,,233,,,267,204,220,,298,268
,4869543,233,164,,139,,42,,,140,,166,,203,,,158,,245,,94,,,211,,272,274
,5567786,234,140,,203,,159,,,213,,220,,146,,,185,,208,,213,,,213,,390,307
,5577594,235,214,,219,,,174,,220,,212,,,198,,249,,211,,,279,224,196,,316,274
,5586015,236,195,,214,,,150,,197,,195,,,188,,208,,251,186,,199,,188,,327,307
,5779781,237,,160,,,162,,160,,,159,,235,,161,,,296,238,209,,238,,,504,512
,5587307,238,,,183,,320,174,140,,,207,,177,,187,,,234,,210,,224,,,287,251
,4885567,239,,,193,,205,,,198,,236,,307,225,,275,228,231,,248,,,247,,456,628
,4861371,240,,,166,,175,,201,,,169,,173,,165,,,220,,240,,296,215,,364,298
,5604559,241,,,,,,,,195,,239,,,168,,203,,207,,228,,,198,,276,352
,5589272,242,134,,215,,,217,,238,,181,,,236,,245,,179,,,233,,218,,343,339
,4892370,243,,,133,,197,,218,,,195,,207,,,174,,238,,169,,,188,,283,261
,4883089,244,,170,,,178,,165,,,142,,157,,202,,,174,,152,,292,187,,288,289
,5786101,245,,193,,,195,,183,,,127,,190,,186,,,219,,153,,163,,,269,276
,5633276,246,,196,,,166,,150,,209,,,240,,175,,,189,,199,,342,130,,278,322
,5811619,247,240,,208,,249,,166,,,237,,143,,231,,,249,,229,,217,,,280,311
,4895842,248,,,164,,191,,181,,,192,,239,,201,,,173,,237,,423,233,,290,379
,5622859,249,166,,124,,173,,,160,,204,,197,,,193,,226,,190,,,311,239,392,337
,4837580,250,,,208,,164,,175,,,195,,174,,140,,,192,,79,,126,,,317,298
,5600095,251,188,,183,,218,,,204,,212,,171,,,223,,169,,195,,,194,,339,281
,4885771,252,201,,227,,,198,,213,,188,,,167,,289,185,226,,,222,,205,,303,276
,5795867,253,,,157,,240,,185,,,178,,199,,211,,,218,,179,,208,,,316,326
,5576362,254,,,234,,124,,204,,,158,,177,,158,,,169,,194,,229,,,311,369
,5565774,255,,,133,,147,,,142,,216,,190,,,235,,211,,271,232,,165,,350,393
,5600007,256,,,196,,121,,215,,,250,228,277,241,213,,,336,216,245,,277,232,,259,380
,5785085,257,185,,227,,289,190,,188,,193,,207,,,167,,205,,258,206,,155,,263,267
,4861769,258,,,197,,223,,236,,,190,,162,,173,,,179,,215,,,220,,287,259
,5605293,259,,,,,,,,,,,,107,,199,,196,,,218,,220,,,512,624
,5639044,260,127,,147,,113,,,147,,184,,174,,,184,,173,,187,,,209,,393,271
,5805530,261,,,200,,119,,210,,,235,,222,,233,,,203,,149,,184,,,477,557
,5787854,262,,,198,,170,,,179,,196,,205,,,189,,245,,266,204,,204,,307,270
,5785794,263,226,,238,,195,,,281,249,247,,166,,,136,,187,,209,,,186,,269,312
,5807538,264,170,,197,,247,,,219,,249,,461,215,,231,,209,,220,,,146,,272,540
,5629109,265,199,,179,,194,,,234,,194,,176,,,186,,182,,182,,,233,,435,508
,5780089,266,,,151,,177,,175,,,194,,199,,204,,,201,,208,,199,,,462,551
,55540527,267,,,,,,,,,,,,129,,,140,,117,,235,,144,,,250,379
,55529792,268,,,194,,193,,212,,,146,,154,,126,,,222,,248,,230,,,293,277
,55522047,269,204,,174,,,213,,229,,185,,,186,,133,,184,,,147,,257,220,278,296
,55359833,270,,,167,,175,,161,,,232,,170,,248,,,153,,125,,138,,,298,403
,55522269,271,,,150,,129,,153,,,147,,126,,165,,,163,,180,,207,,,291,399
,55368524,272,,,122,,128,,139,,,160,,172,,218,,,162,,165,,235,,,591,600
,55529528,273,,,153,,141,,204,,,181,,241,,160,,,216,,258,198,221,,,304,489
,55534770,274,,124,,163,,,139,,155,,134,,,169,,154,,178,,,249,,474,,482
,55525603,275,148,,140,,,172,,130,,190,,,294,216,272,194,234,,,154,,323,205,282,300
,55517570,276,228,,94,,136,,,115,,130,,133,,,570,125,182,,186,,,163,,307,349
,55513588,277,165,,244,,,258,189,226,,191,,,305,202,196,,157,,,237,,160,,251,271
,55512091,278,113,,100,,136,,,117,,105,,182,,,131,,158,,183,,,251,171,334,405
,55365109,279,94,,150,,134,,,167,,160,,182,,,162,,222,,134,,,451,159,250,300
,55528261,280,140,,145,,134,,,122,,122,,128,,,166,,178,,224,,,195,,462,413
,55532377,281,144,,135,,174,,,143,,123,,138,,,231,,149,,146,,,186,,406,367
,55529077,282,122,,129,,113,,,111,,170,,107,,,99,,101,,217,,,169,,302,408
,55523294,283,142,,161,,,196,,162,,132,,,169,,158,,175,,,203,,235,,411,422
,55358835,284,,,202,,191,,126,,,223,,159,,175,,,206,,195,,150,,,254,253
,55372835,285,139,,115,,157,,,131,,129,,126,,,201,,188,,182,,,236,,363,370
,55543881,286,120,,143,,201,,,154,,188,,163,,,157,,158,,228,,,180,,284,319
,55374633,287,135,,145,,151,,,175,,128,,189,,,209,,205,,242,,,235,,323,394
,55535609,288,137,,131,,,162,,159,,125,,,206,,160,,110,,,156,,217,,336,370
,55363315,289,100,,152,,,146,,141,,154,,,151,,165,,135,,,180,,212,,399,414
,55527367,290,,,155,,124,,390,103,,125,,124,,117,,,123,,160,,165,,,298,408
,55518611,291,,103,,133,,209,,116,,123,,,135,,130,,192,,,181,,178,,390,251
,55371796,292,,,,102,,148,,131,,159,,178,,,143,,178,,235,,,162,,258,400
,55380035,293,,,111,,142,,134,,,109,,118,,158,,,183,,147,,390,217,,398,519
,55369588,294,,,121,,131,,110,,,144,,132,,180,,,180,,213,,217,,,274,388
,55809304,295,,,,,,,,,127,,133,,108,,119,,123,,,144,,253,243,254,291
,55370373,296,117,,152,,137,,,193,,141,,152,,,149,,157,,186,,,396,218,338,319
,55378634,297,116,,135,,,120,,151,,94,,,104,,112,,174,,,122,,403,228,297,400
,55359340,298,163,,125,,,133,,166,,236,,,131,,257,169,138,,,193,,171,,265,291
,55537013,299,116,,120,,140,,,151,,151,,157,,,164,,182,,187,,,235,,491,485
,55372553,300,135,,96,,,146,,128,,125,,,200,,139,,136,,,149,,235,,412,478
,69363853,301,,,156,,201,,118,,,127,,143,,172,,,156,,183,,180,,,260,293
,69536816,302,190,,179,,180,,,141,,169,,263,184,,191,,233,,227,,,274,247,260,341
,69547263,303,120,,133,,145,,,126,,134,,122,,,170,,192,,303,202,,243,,395,476
,69364841,304,135,,134,,164,,,146,,156,,199,,,190,,220,,221,,,220,,262,329
,69880882,305,125,,181,,44,,,135,,175,,234,,,242,,282,184,173,,,181,,368,489
,69382832,306,,,104,,118,,132,,,154,,137,,184,,,138,,233,,142,,,309,387
,69532775,307,,,126,,134,,131,,,143,,187,,200,,,163,,296,142,134,,,523,541
,69546379,308,225,,182,,,250,160,320,184,203,,,190,,169,,192,,,205,,335,233,252,286
,69375007,309,154,,129,,142,,,161,,171,,151,,,154,,256,200,494,206,,231,,360,258
,69846601,310,,,,,107,138,,165,,147,,139,,,148,,162,,171,,,204,,282,413
,69860521,311,,,172,,222,,135,,,189,,217,,192,,,188,,140,,189,,,295,357
,69382861,312,117,,170,,,162,,132,,127,,,265,155,161,,159,,,150,,241,,266,346
,69547108,313,169,,114,,,160,,133,,193,,,139,,256,218,167,,,144,,195,,298,519
,69536377,314,121,,148,,,109,,118,,180,,,138,,375,201,136,,,269,146,243,,346,296
,69879568,315,,149,,147,,,119,,126,,140,,,174,,164,,164,,,225,,381,,290
,69542783,316,,,130,92,,124,,109,,121,,,136,,175,,136,,,174,,235,,270,260
,69881533,317,162,,110,,137,,,207,,152,,187,,,131,,158,,174,,,217,,328,329
,69879064,318,128,,151,,109,,,121,,134,,162,,,175,,261,187,462,236,,240,,315,332
,69381829,319,,,121,,110,,136,,,125,,114,,152,,,172,,190,,209,,,493,453
,69543037,320,,,,,134,140,,137,,114,,144,,,122,,170,,310,188,,179,,319,442
,69535549,321,,,164,,135,,138,,,158,,127,,122,,,130,,142,,202,,,308,367
,69549340,322,148,,131,,141,,,187,,169,,215,,,153,,231,,215,,,221,,579,503
,69517107,323,,,132,,137,,109,,,130,,135,,164,,,238,,178,,232,,,383,463
,69530775,324,145,,136,,,138,,121,,145,,,124,,225,,153,,,324,240,239,,384,314
,69546564,325,141,,128,,122,,,170,,144,,258,196,,199,,181,,149,,,161,,250,403
,69544568,326,124,,116,,109,,,138,,223,,125,,,160,,151,,141,,,317,224,318,416
,69855314,327,101,,134,,118,,,156,,177,,161,,,304,159,242,,388,198,,218,,337,316
,69523279,328,,,,,,,139,105,,121,,169,,132,,,206,,150,,227,,,291,349
,69535821,329,,,,,,,163,89,,119,,154,,122,,,232,,190,,240,,,415,285
,69873552,330,147,,141,,,153,,152,,178,,,245,,158,,161,,,186,,184,,327,326
,69377113,331,173,,156,,,159,,145,,185,,,195,,209,,179,,,167,,137,,494,384
,69519558,332,102,,146,,113,,,143,,187,,161,,,120,,119,,242,,,204,,349,391
,69866087,333,228,,165,,144,,,122,,136,,125,,,159,,137,,162,,,150,,251,473
,69516782,334,,,177,,152,,141,,,189,,138,,172,,,288,218,220,,170,,,260,366
,69551294,335,189,,221,,158,,,164,,184,,192,,,216,,171,,279,203,,222,,278,422
,75772821,336,169,,242,,219,,,213,,200,,186,,,169,,173,,177,,,240,,250,256
,75589865,337,154,,172,,,140,,153,,185,,,114,,392,202,389,193,,229,,200,,315,395
,75608590,338,,145,,142,,118,,,,121,,141,,114,,,129,,206,,142,,,435,401
,75623024,339,173,,203,,191,,,233,,216,,191,,,219,,190,,246,,,218,,292,330
,75614560,340,,186,,159,,,,181,,229,,242,,,227,,243,,242,,,241,,373,355
,75623352,341,,,159,,96,,137,,,183,,215,,134,,,159,,180,,237,,,530,542
,75621872,342,113,,143,,144,,,144,,126,,109,,,208,,203,,173,,,186,,263,265
,75774517,343,114,,188,,,142,,190,,176,,,221,,198,,127,,,235,,199,,414,265
,79069375,344,,137,,98,,,126,,132,,146,,,,161,,127,,141,,,234,,388,403
,75628336,345,,,127,,131,,155,,,187,,178,,140,,,180,,133,,214,,,354,377
,75615060,346,,156,,161,,165,,,,215,,133,,209,,,211,,174,,228,,,278,250
,75770347,347,130,,143,,,180,,208,,195,,,188,,202,,162,,,258,148,140,,395,599
,75591285,348,,120,,134,,,162,,164,,161,,,225,,151,,157,,,,164,,314,421
,75602316,349,177,,181,,194,,,214,,169,,235,,,302,248,287,146,173,,,233,,425,574
,75615291,350,,,163,,168,,148,,,146,,162,,175,,,201,,201,,165,,,293,365
,75614322,351,140,,171,,172,,,155,,166,,244,,,242,,184,,282,238,,241,,282,310
,75599113,352,,117,,164,,,176,,194,,154,,,140,,143,,177,,,,233,,485,421
,75612267,353,137,,146,,,158,,118,,186,,,131,,125,,192,,,135,,244,,365,360
,78797802,354,154,,154,,,179,,200,,214,,,205,,255,182,170,,,159,,220,,431,359
,75618020,355,,142,,113,,,,132,,146,,138,,,193,,213,,153,,,188,,286,306
,79028588,356,,,,,,,,145,,115,,147,,,148,,173,,172,,,215,,470,396
,75771567,357,,122,,113,,,137,,159,,176,,,,235,,210,,240,,,201,,315,290
,75598009,358,,144,,200,,208,,,175,,203,,159,,,192,,169,,235,,,,520,605
,75613868,359,,144,,105,,,,178,,164,,171,,,207,,260,202,210,,,235,,289,288
,75601533,360,,,141,,137,,176,,,173,,234,,163,,,181,,195,,190,,,525,544
,79062264,361,150,,171,,,208,,163,,207,,,192,,97,,167,,,156,,212,,335,299
,79053010,362,,157,,,122,,114,,154,,,,162,,165,,206,,,198,,193,,356,459
,79068887,363,147,,209,,,173,,183,,162,,,186,,272,136,246,,,189,,221,,287,433
,79054284,364,,122,,124,,124,,,,148,,137,,134,,,216,,168,,213,,,547,482
,79051010,365,138,,198,,155,,,184,,172,,144,,,240,,249,,186,,,242,,283,403
,79064325,366,157,,150,,214,,,203,,158,,220,,,220,,217,,223,,,198,,255,419
,75594771,367,115,,102,,,160,,156,,140,,,176,,154,,216,,,142,,237,,323,447
,75600015,368,,,146,,146,,145,,,132,,135,,116,,,166,,206,,315,225,,290,301
,79046603,369,,189,,,146,,169,,133,,,141,,147,,249,,,,229,,213,,425,445
,79059055,370,,,,,,,,,,134,,227,,239,,,199,,236,,172,,,618,435
,75769561,371,113,,116,,,131,,140,,182,,,127,,190,,125,,,146,,286,236,255,383
,75608558,372,220,,170,,131,,,117,,150,,153,,,196,,154,,175,,,167,,427,348
,75597020,373,,114,,,,150,,185,,171,,,137,,151,,149,,,188,,239,,278,373
,76312632,374,143,,164,,135,,,227,,177,,179,,,163,,228,,249,,,318,207,322,348
,75634279,375,,177,,167,,,188,,129,,136,,,,185,,155,,172,,,213,,261,305
,79054828,376,228,,162,,,197,,209,,165,,,215,,200,,176,,,191,,257,241,301,272
,79065281,377,129,,187,,152,,,222,,167,,179,,,225,,182,,183,,,228,,340,401
,79069053,378,167,,146,,203,,,154,,163,,147,,,136,,178,,144,,,228,,298,334
,79049105,379,,,202,,155,,305,236,,154,,133,,132,,,218,,205,,191,,,263,266
,79070861,380,,,183,,139,,127,,,182,,146,,212,,,214,,277,184,181,,,302,471
,79030310,381,,137,,162,,114,,,173,,148,,199,,,210,,174,,183,,,,388,375
,75599636,382,189,,183,,143,,,170,,147,,241,,,245,,203,,184,,,167,,256,377
,79063354,383,,175,,143,,,,179,,157,,171,,,153,,124,,181,,,213,,329,301
,75596828,384,149,,162,,,148,,184,,205,,,212,,213,,173,,,249,,174,,371,385
,75115349,385,,,,,,135,,147,,125,,,149,,216,,167,,,210,,401,228,393,404
,79068368,386,,121,,,,117,,167,,131,,,209,,162,,155,,,164,,216,,262,280
,75776335,387,,163,,123,,,158,,194,,214,,,,183,,179,,198,,,175,,331,273
,75613275,388,,,142,,151,,141,,,215,,152,,134,,,194,,146,,239,,,421,568
,75127021,389,,,139,,103,,166,,,206,,144,,156,,,150,,161,,190,,,269,218
,79064867,390,,,166,,132,,162,,,184,,212,,255,213,,180,,193,,238,,,552,577
,75265565,391,,181,,117,,168,,,,128,,231,,173,,,182,,170,,162,,,381,344
No Microchip,9992,392,,,190,,156,,162,,,225,,143,,224,,,252,161,156,,201,,,613,475
,79054257,393,,,147,,149,,151,,,125,,149,,194,,,176,,183,,208,,,452,499
,5564585,394,126,,116,,201,,157,,160,,188,,,166,,218,,159,,242,,190,,295,294
,8634840,395,,177,,,114,,148,,176,,280,226,176,,175,,191,,162,,295,226,,373,374
,8635026,396,92,,115,,120,,123,,133,,117,,88,,137,,121,,204,,,194,,368,281
,9053885,397,,155,,165,,139,,165,,166,,242,,,163,,204,,211,,,246,,369,332
,5622019,398,,116,,,145,,145,,155,,,167,,144,,180,,209,,162,,218,,257,262
,8625774,399,,182,,,171,,181,,194,,,224,,189,,158,,230,,205,,267,183,393,357
,9064623,400,101,,157,,146,,155,,158,,167,,149,,187,,193,,172,,,208,,403,368
,8777791,401,119,,141,,181,,,151,,159,,160,,118,,177,,225,,,245,,316,,433
,8780045,402,,160,,106,,141,,160,,116,,,140,,150,,253,145,,186,,221,,277,315
,5819364,403,139,,115,,118,,129,,132,,118,,136,,128,,123,,,178,,223,,301,331
,5801581,404,102,,106,,117,,,122,,117,,155,,,123,,195,,106,,,217,,269,341
,17355884,405,,,133,,131,,154,,221,,253,242,,253,197,220,,207,,,307,249,,373,377
,17768049,406,,,122,,113,,140,,108,,133,,,130,,139,,159,,,230,,,253,357
,17637594,407,,,103,,99,,96,,,113,,129,,118,,,171,,226,,232,,,425,344
,17770589,408,126,,125,,,111,,100,,121,,,137,,130,,147,,,307,118,166,,364,302
,17778635,409,165,,143,,166,,,153,,195,,159,,,350,158,153,,281,211,,177,,264,323
,8624561,410,,140,,121,,126,,,110,,169,,105,,,119,,103,,140,,419,180,304,304
,35832851,411,105,,104,,,83,,112,,164,,,117,,94,,202,,,130,,181,,297,289
,17585303,412,114,,96,,115,,175,,138,,,167,,226,,207,,,282,185,,232,,301,384
,5515589,413,232,,161,,296,132,,200,,183,,166,,,216,,141,,200,,,158,,428,433
,17619570,414,90,,101,,,108,,105,,83,,,91,,98,,134,,,172,,207,,354,485
,4842034,415,,112,,,83,,136,,110,,,112,,,142,,153,,210,,,239,,370,428
,17597005,416,,124,,136,,273,165,,151,,199,,187,,,153,,174,,241,,341,222,357,297
,5345815,417,,,104,,138,,126,,,114,,151,,150,,,339,247,229,,205,,,290,370
,302,418,,,141,,148,,,158,,157,,205,,,154,,216,,188,,,260,212,262,244
,304,419,,,110,,,142,,138,,155,,,142,,122,,151,,,167,,229,,442,362
,305,420,,,136,,145,,,111,,144,,141,,,116,,125,,196,,,217,,373,483
,309,421,,,,155,,,157,,193,,228,,,184,,216,,165,,,,169,,273,307
,310,422,,,170,,187,,162,,,156,,228,,168,,,186,,181,,238,,,267,244
,311,423,,,210,,134,,136,,,149,,207,,178,,,208,,181,,215,,,494,421
,312,424,,,,174,,,184,,184,,149,,,150,,216,,186,,,,166,,319,261
,401,425,,,107,,156,,145,,,160,,157,,147,,,214,,179,,202,,,252,316
,402,426,,,113,,,165,,169,,149,,,129,,138,,123,,,182,,227,,304,370
,403,427,,,,139,,,160,,238,,201,,,188,,218,,228,,,,297,,450,443
,404,428,,,168,,136,,165,,,209,,239,,220,,,141,,170,,364,157,,380,393
,405,429,,,103,,,205,,149,,172,,,183,,212,,183,,,366,230,164,,371,306
,406,430,,,,,,143,,,,,,,103,,,,119,,,150,,266,195,259,257
,407,431,,,129,,117,,139,,,177,,169,,170,,,236,,184,,370,178,,255,278
,408,432,,,,,,162,,,,106,,,169,,221,,186,,,218,,235,,267,285
,409,433,,,,,,155,,,,,,,155,,,,206,,,227,,207,,397,361
,502,434,,,129,,167,,208,,,149,,250,159,188,,,238,,195,,178,,,249,323
,503,435,,,90,,209,,139,,,127,,194,,187,,,177,,206,,228,,,514,518
,504,436,,,142,,,133,,135,,247,190,,308,194,219,,191,,,214,,150,,430,413
,505,437,,,210,,223,,,193,,233,,198,,,286,156,189,,182,,,240,230,263,444
,506,438,,,170,,,137,,129,,134,,,166,,171,,187,,,143,,201,,328,329
,507,439,,,161,,,142,,215,,160,,,182,,157,,183,,,191,,191,,435,462
,508,440,,,117,,,165,,106,,123,,,170,,154,,144,,,126,,248,194,429,444
,509,441,,,,196,,,175,,358,221,112,,,179,,176,,542,157,263,212,201,,260,331
,511,442,,,132,,,156,,205,,120,,,165,,195,,299,157,,247,227,149,,300,348
,601,443,103,,,,,,,,185,,,129,,,129,,136,,136,,,206,,413,469
,602,444,,,102,,139,,157,,,165,,189,,192,,,148,,189,,223,,,325,332
,603,445,,,90,,,,,,,,82,,,107,,,122,,181,,211,,,422,468
,604,446,,,111,,113,,,129,,140,,145,,,175,,128,,175,,,212,,508,540
,605,447,,,129,,238,,,131,,180,,172,,,148,,168,,249,175,,228,,446,344
,606,448,,,189,,145,,,166,,238,,205,,,178,,188,,175,,,234,,354,411
,607,449,,,202,,174,,,208,,196,,198,,,241,214,174,,193,,,269,202,455,420
,608,450,,,172,,218,,,232,,217,,220,,,189,,138,,220,,,342,235,413,493
,609,451,,,130,,,134,,149,,184,,,133,,210,,198,,,314,,214,,267,246
,610,452,,,152,,138,,,175,,156,,152,,,143,,236,,165,,,204,,297,355
,611,453,,,108,,,177,,146,,203,,,142,,117,,124,,,164,,250,196,249,301
,612,454,,,148,,,139,,144,,136,,,128,,137,,205,,,138,,224,,438,541
,613,455,,,130,,,103,,181,,167,,,169,,192,,223,,,157,,334,184,486,421
,614,456,,,178,,,150,,197,,194,,,175,,208,,204,,,141,,233,,251,345
,615,457,,,,140,,,177,,214,,118,,,227,,225,,152,,,,237,,340,327
,618,458,,,238,,207,,152,,,136,,240,169,182,,,251,158,176,,185,,,468,293
,625,459,,,,175,,,185,,186,,179,,,213,,247,172,185,,,,242,231,246,245
,626,460,,,204,,,172,,218,,198,,,223,,168,,186,,,195,,239,,323,393
,627,461,,,,142,,157,,183,,222,,,180,,189,,207,,,171,,235,,301,334
,628,462,,,125,,114,,,128,,141,,211,,,167,,136,,184,,,274,216,364,341
,629,463,,,116,,,173,,140,,181,,,172,,172,,171,,,211,,222,,278,341
,630,464,,,132,,126,,,167,,172,,167,,,155,,171,,157,,,223,,356,412
,631,465,,,167,,,230,,160,,174,,,191,,220,,271,190,,215,,394,,308,355
,632,466,,,205,,203,,,169,,158,,205,,,216,,207,,300,213,,301,216,336,445
,633,467,,,120,,170,,,126,,164,,123,,,170,,209,,205,,,186,,432,583
,634,468,,,180,,174,,,175,,144,,157,,,259,232,408,205,203,,,238,,344,415
,635,469,,,124,,,184,,223,,157,,,244,153,152,,231,,,176,,215,,245,259
,648,470,,197,,156,,,,152,,191,,197,,,155,,366,205,231,,,234,,325,268
,649,471,,,112,,,101,,125,,124,,,133,,117,,232,,,117,,229,,343,279
,651,472,,,137,,,124,,125,,157,,,151,,210,,213,,,226,,184,,452,402
,653,473,,,136,,188,,149,,,213,,201,,196,,,270,149,185,,183,,,393,379
,654,474,118,,113,,148,,,167,,217,,236,,,195,,150,,243,163,,171,,417,600
,655,475,96,93,125,,160,,163,,,179,,195,,212,,,226,,155,,215,,,258,267
,656,476,145,,176,,205,,,167,,236,,272,,,187,,238,,318,216,,201,,353,309
,657,477,86,,,118,,,143,,,206,,191,,101,,,147,,228,,219,,,452,542
,658,478,77,107,148,,153,,161,,,217,,112,,133,,,200,,181,,258,228,,407,472
,659,479,129,154,165,,151,,143,,,125,,145,,163,,,155,,223,,220,,,403,269
,660,480,115,,113,,118,,,162,,162,,157,,,165,,121,,231,,,211,,346,509
,661,481,117,,121,,140,,,109,,152,,212,,,156,,190,,219,,,187,,409,377
,672,482,,,120,,158,,175,,,187,,154,,206,,,164,,157,,166,,,252,325
,678,483,,,151,,146,,,125,,235,,184,,,208,,151,,177,,,107,,244,314
,679,484,,,127,,,127,,164,,171,,,175,,179,,122,,,214,,144,,279,293
,684,485,,,124,,,133,,139,,195,,,168,,143,,216,,,162,,176,,375,383
,685,486,,,,,133,,,,,,225,156,,,,,117,,152,,126,,,456,536
,686,487,,,141,,,157,,134,,151,,,144,,140,,219,,,202,,157,,279,451
,687,488,,,118,,103,,,131,,112,,137,,,140,,209,,168,,,151,,294,359
,841,489,,,157,,,165,,134,,160,,,253,150,153,,236,,,179,,216,,319,317