99985.1605602283,1.45999412327221,150.946305141911,89.7164518988637,49995.0326224427,2.99816455734106,0.195869861670272,0.101996403378374,864.613257863946,0.954677244703007,370.374280397961,0.118249109014182,0.00993675464738071,0.0335398324541935,8.35701381029085,0.0902930507057875,1.28640396352021e-05,1.00003772687827e-06,0.00095561024897123,0.000806410094105761,16.4682500777868,12.0937697368632,0.0846497536526619,0.482421363261179,432.892359119262,0.0109898052415322,1.87789763708445e-05,6.14734705154366e-05,0.869537571489663,2.02575675850128,1.00211943047034,5.06466055343666,6.2328665475056e-08,7.73155789233007e-07,0.388709740038581,0.100677943544786,0.509376912850396,0.0118292813775885,0.00621834028604474,0.0142871924990957,0.990194923426476,35.5527934946415,0.0627345180269033,43.813001349949,211986.013941795,0.0186039835277505,488649.020021716,0,0,0,309,98.1918774934713,10.2958887391428,0,0,0,0,0,2.91213693073952,0.206070391282263
99989.2366219454,1.46,127.279220613579,90.6324555320337,50006.0156658105,3.002,0.192482751889144,0.102,863.367544467966,1.3521407007846,369.616212575357,0.126224555320337,0.00994464203784079,0.0335395670341226,8.30928187099454,0.087093213073137,2.3149687287298e-05,3.96824473621877e-06,0.000866668080092768,0.00116096701810174,16.4840487222304,12.1186167158305,0.109954253163003,0.48,432.235318115597,0.0103974842261441,1.22804887054311e-05,1.13244616141199e-06,0.91257926868006,1.94,0.997442160599738,4.85940762009783,7.41870449885416e-08,2.52989347164859e-06,0.409826953450189,0.101285466173777,0.510678163855472,1e-06,0.00619071227031776,0.00367544467966324,0.98,36.4472135955,0.0627136491889017,42.9909508046735,212014.142135624,0.0177806328922731,465586.664143972,0,0,0,299.661018688514,100.207395073555,9.91648320123567,0,0,0,0,0,2.89402618372944,0.221902612984589
100019.96676331,1.46,127.279220613579,89.3679432419878,49996.4085434987,3.00199527062736,0.194920649043524,0.0985121838228017,863.37994324183,1.27368932281402,369.36757106716,0.126208779479056,0.009937626692235,0.0335207090252734,10.1098066952904,0.0929881205601474,2.13175277764468e-05,2.29332793079473e-05,0.00119672516723504,0.00119184692135037,16.7947364410861,11.8683605932155,0.08,0.516545772926211,431.105572809,0.0103495676366996,1.00088676958041e-08,4.06997331223269e-05,0.92158786876246,2.05976185582156,0.950610837795556,4.88847676018785,5.88284842299355e-08,4.13498631785941e-07,0.38,0.101902894252098,0.508468961705175,0.00695759894421008,0.00616086927092443,0.0062754807773011,1.01999519782397,36.4472135955,0.0627657981847148,43.5774649598344,211985.92385515,0.019280769659835,463955.74130257,0,0,0,299.468012041809,97.1517381781168,9.7,0,0,0,0,0,2.88111234605777,0.204433736142813
100009.451939708,1.45998970297811,127.354263006977,89.3677916717635,49994.3060504414,3.00172503439958,0.192486287944585,0.0981334760402636,863.738387752793,1.34649092052961,370.628495277435,0.120985954461067,0.00997974037423254,0.0336,7.24294713808967,0.0956797003637909,1.02560734610194e-05,1.0017003099316e-06,0.00119979100191687,0.000812465233716529,17.054973668422,12.1823640580113,0.0854456841631154,0.519988673940193,432.306981936723,0.0103424746841383,6.18609420868561e-05,5.6592802696061e-07,0.921491385187911,2.06,1.00788521334272,5.00031263315978,6.47886912188033e-06,7.3670568086946e-06,0.380169173456855,0.098862755731121,0.51105646631006,1e-06,1e-06,0.016324551848357,1.01999937708501,35.9486710393994,0.0634967333651813,43.8312015795443,211987.257369381,0.0200030264094511,463876.007466513,0,0,0,308.478937614712,97.2257942678815,9.704739401907,0,0,0,0,0,2.88798360681393,0.200179319094604
100019.477222766,1.46,127.279220613579,90.6000868710392,50002.8985468705,2.998,0.195850564636855,0.101837525801797,863.367544467966,1.35044970439399,369.878909041385,0.126221890539537,0.00994159436317066,0.0335961452121672,9.93607388306432,0.083696024417018,2.27807453797059e-05,2.46396880945821e-05,0.000800001744794512,0.0012,16.9266909872516,11.9456570237362,0.117927330498028,0.480036616530696,432.760961739252,0.010342129582339,6.10597494483149e-05,1e-08,0.878342507660674,1.96029439243624,0.951131742383802,4.91015347892739,6.49384291346439e-06,3.18221379635868e-07,0.380010954445968,0.102,0.508263231896148,1e-06,0.00560692474215525,0.00592089455205246,1.01812998570794,35.6742299674919,0.0632949933755696,42.5725754013082,212006.380701628,0.019138218596355,470865.384292029,0,0,0,300.125558485101,98.1790466492048,9.76272008395995,0,0,0,0,0,2.87658336485432,0.197472208673159
99988.7746980333,1.46,127.279220613579,89.7998266830055,50006.2999256607,2.99840638605313,0.192238001182107,0.101675321958078,863.808917040485,1.35245553203368,370.632455532034,0.114875956584683,0.0100620798832579,0.0336,9.99124216163266,0.0868186254823534,2.48000165036872e-05,2.13961227231433e-05,0.00119743548925132,0.0012,16.3431457505076,12.1522132587383,0.083738516749405,0.519379187594248,431.105572809,0.0105163960936823,1e-08,2.06398848244077e-06,0.867956,2.06,1.0094,5.04483558031346,4.69958422202152e-06,3e-07,0.418483883245492,0.101853730600966,0.511999913089808,1e-06,1e-06,0.0163245553203368,1.01963720096983,35.5528682240988,0.0604,43.0066834947007,211986.88141204,0.0178466738176718,471881.419820905,0,0,0,307.938765817848,103,10.2979877007246,0,0,0,0,0,2.89166907322631,0.218071675547178
100019.771147182,1.46,127.28030704391,89.3676506878563,50006.3245553203,3.00160934298582,0.195017109522404,0.102,864.632455532034,1.35245553203368,369.367544467966,0.113600123496284,0.00993840168846071,0.0336,9.13042397676581,0.0838355732971656,1.47635199690342e-05,2.43551759350423e-05,0.00101376072789563,0.0008,16.3431457505076,12.1999999935988,0.119766213767917,0.519736940782266,431.227538521266,0.0103421113463299,4.62873071185638e-05,1e-08,0.906204693507211,2.05668316913009,1.00588691658886,5.09545480150171,6.49556532033676e-06,3e-07,0.380000000000083,0.0992301131905095,0.511999753372524,1e-06,1e-06,0.0100234963770891,1.00468242653131,36.1524160462964,0.0607338128433459,42.5675444679663,212005.986864867,0.0178066456343606,470067.140531298,0,0,0,308.960376738353,97,10.2995687498036,0,0,0,0,0,2.87309923095105,0.198274682441834
99989.7528382424,1.46,127.33841994586,89.376504131588,49993.8842448098,3.00151288744292,0.195959043197258,0.102,863.386511023023,1.35136169369003,369.865706927501,0.113575444679663,0.0100632455532034,0.0332021226106691,6.40325550976224,0.0963171599956396,2.487e-05,2.48554888673059e-05,0.0012,0.0010837368265822,16.3431457505076,12.2,0.08,0.52,432.522515239436,0.0103421113463299,1.15404103815088e-07,5.18002101464059e-05,0.867956,1.94,1.00176491821002,4.85323989691881,6.49556532033676e-06,1.75779184661469e-06,0.42,0.102,0.512,0.000473286092403837,0.00632655532033676,0.0162762168428398,1.00408434707809,36.446374700998,0.0635,43.8324555320337,212014.142135624,0.020785962203621,462690,0,0,0,306.184438674403,103,9.73307174066649,0,0,0,0,0,2.82216084698418,0.222821290866939
99985.2527344372,1.43867609784935,136.028559285076,90.2498439145068,49993.6754446797,2.9992536032657,0.19334928161439,0.101721811147693,863.935381073715,1.18765719919159,370.632455532034,0.125585012954004,0.00999475234176014,0.0333761455966185,5.64021774288141,0.0952283806235219,8.50905907167941e-06,1.41085721539219e-05,0.000962925232882179,0.000822871019075029,16.4757889707402,12.2,0.0856939507712656,0.506352431250604,431.465728016403,0.0103421113463299,2.09563798077607e-05,3.51572114279642e-05,0.868041739053601,1.94054550646959,0.979933330624955,5.08594045784104,5.81462771964298e-06,1.97828996256505e-06,0.407974924563066,0.1015592003653,0.511213876319054,0.00475935772407631,0.0018825059490546,0.0126402859942996,0.986561861974407,35.5709682411937,0.0605916807203049,43.7062641764894,211986.025080445,0.0177515588681364,486550.088998333,0,0,0,293.23727547057,97.1980705060179,10.1713496516596,0,0,0,0,0,2.86889150801146,0.232325654268884
100018.582009296,1.45999983476859,127.280301521491,89.3727704723402,50003.7385732608,2.998,0.196,0.0980131843576085,863.399049260931,1.35242816473575,369.367544467966,0.114457953923038,0.0100617135310217,0.0334759156848382,6.17641753659329,0.0836754446796632,2.39585144060998e-05,6.15598593404932e-06,0.0012,0.0008,16.746200577918,12.1996794863339,0.0856867728867584,0.48,431.941265555143,0.0103616255961666,6.07014898191968e-05,6.30860005190713e-05,0.868062874932834,1.99914089198576,1.00669634583165,4.95930042300478,5.61578822267927e-08,7.51445532033676e-06,0.419644342919995,0.098,0.50853030453067,0.000601444569168777,0.00348481608635457,0.00883150446073939,1.01540087130391,35.6020980681921,0.0605738387100456,43.7024601016371,212014.107176702,0.0186044847848389,491016.863312028,0,0,0,297.377881272011,102.89512601702,10.245538025971,0,0,0,0,0,2.88417516042572,0.220478111309619
100020,1.42000000105652,127.279231596248,90.5080743654709,50004.5447375205,3.002,0.194453684309406,0.0999808500295195,863.694064671401,1.27731287524756,370.576724618547,0.125580271691248,0.00998451004104057,0.0334066672062325,10.11,0.0840463904941067,2.4647365906211e-05,1.99707086444875e-05,0.0010520892032166,0.0012,16.5742710551478,11.800083907517,0.11979789682011,0.486497770120744,431.554015573457,0.0103421113463299,3.99441389892776e-07,5.62351744449786e-05,0.875711296095063,1.94441446531184,1.00660821703717,4.88053387005017,5.15125961571e-06,6.02435501926353e-06,0.380056331458911,0.0983719426339879,0.512,1e-06,1e-06,0.00468824583506901,0.980285670098658,36.3372483339098,0.0604,42.5675444679663,212014.115771952,0.0175692121756449,476804.350607301,0,0,0,292.006198183076,98.7334905325309,10.1545329431242,0,0,0,0,0,2.91014519685197,0.231810941683874
100013.786394549,1.4599999895709,127.294078751965,90.3946832051402,49993.6854604039,3.00199419183639,0.19555523657297,0.0980064139917086,863.425330572302,1.34392694924061,369.369144608487,0.120856009454699,0.00993675458162183,0.033594208709583,9.72109920697901,0.0862732908360438,1e-06,3.89322640941899e-06,0.0012,0.000824182206106867,16.7884995514331,12.0736009453653,0.113461424555713,0.48,432.493662903754,0.0103532377801028,1.24234398563948e-05,5.13841032550173e-05,0.867956,1.95708972245513,1.00897779797232,5.15,1.78812127330211e-06,6.93014021855192e-06,0.397336153246665,0.101977791838566,0.511908328130246,0.00366897236614601,0.00490582755199849,0.0148677308171017,0.98198442033377,36.4472135955,0.063485107713189,42.6359685963099,211985.85828981,0.018743796070818,463098.452056654,0,0,0,308.359557663829,103,10.0980425388601,0,0,0,0,0,2.88380486523799,0.214351141908705
100020,1.46,127.279220613579,90.6317481976896,49993.6754446797,3.00192213371854,0.196,0.098,863.367544467966,1.35245553203368,369.934094556196,0.126224555320337,0.0100632455532034,0.0335686325171484,6.41995791603063,0.0962448275025813,1e-06,2.487e-05,0.0012,0.000851331176888282,16.3431457505076,11.8,0.08,0.519886918221903,431.344583456057,0.0103421113463299,1e-08,1e-08,0.867956,2.06,0.997821011235975,4.85,5e-08,3e-07,0.381708825912229,0.102,0.508,1e-06,1e-06,0.0163245553203368,0.98382114421949,36.4139857660052,0.060405490843555,43.8324555320337,211985.857864376,0.026217859740064,491298.718875795,0,0,0,309,100.109175378589,10.3,0,0,0,0,0,2.83017623189069,0.194956406309256
99999.2963763874,1.46,127.279224983177,89.675029487388,49995.4702643225,2.99998861229657,0.193044514594996,0.098,863.380266214323,1.34805176437033,369.396624510511,0.113575444679663,0.00993675444679663,0.0333241459856234,1.4336409064436,0.091660871737246,2.43146653431972e-05,5.82055683234771e-06,0.000895378719410219,0.000816413567850264,16.3431457505076,11.8,0.0890572769077391,0.483632242851921,431.302564598172,0.0103421113463299,1.14422114423128e-05,4.60841157130069e-05,0.868467272298892,1.99876121383543,1.00921556418134,5.14877408660325,2.66892700614026e-07,7.51445532033676e-06,0.42,0.0983804516885205,0.512,0.0109369812252604,0.00632628719998549,0.00858422495166204,1.02,36.2331803877944,0.0605554631622553,43.8324555320337,212014.142135624,0.0208929199729763,487488.498442137,0,0,0,307.66641588668,101.165340723371,10.3,0,0,0,0,0,2.8537076771586,0.199969320288067
100000.693133431,1.45999994781836,129.356450213273,90.1943139283554,50000.3098773494,2.99903796336967,0.195288498193209,0.0999414242582512,863.367544467966,1.35245553203368,370.396741742424,0.124553016560712,0.010043959084486,0.0335994905499945,5.68516622750409,0.0961876315640035,1.93949826443636e-05,2.30364494956395e-05,0.00101162550079937,0.000804244934595476,16.8349731758022,12.1255145886067,0.103687494801656,0.481208015999475,432.865327354326,0.0108946603033295,3.19671738690069e-05,1.72251873280593e-06,0.896122960270179,1.99401867704474,0.977975690188406,4.88442135671026,1.80957627202382e-06,6.59731981716537e-07,0.413711360452785,0.0988165742531495,0.509109234427213,0.00363547149311487,0.00238283119698617,0.0060613048044613,1.01048049067831,36.0675361991611,0.0632602686163582,43.0795246826375,212002.460137787,0.0193027130404028,463020.873354288,0,0,0,308.905039364996,97.0057702113908,9.86097012753079,0,0,0,0,0,2.88460710103135,0.20931553482643
99997.3842902148,1.45991078179772,127.355872530665,90.0269192550284,50003.2715686966,2.99977765911332,0.192516077013493,0.0984103418242848,863.368394363558,1.15406276382827,369.815263122365,0.125734094816176,0.0100535324919228,0.0335929457880814,1.54058121540507,0.0893212944383828,2.487e-05,2.42247397709429e-05,0.00119939011821184,0.000860271669392811,16.778079882547,11.8110424713334,0.115051132240143,0.480002966003333,432.894271468847,0.0103569149530784,4.67246763479003e-05,5.53358550245155e-05,0.919339411804874,2.05475592560307,0.9506,4.86588977910621,6.19709790208399e-06,7.42157211898822e-06,0.416870401038881,0.0997534564121313,0.510129099114553,0.00505457552877647,0.00504383876925068,0.0110243209525553,0.980571917218285,35.7235865589956,0.0634998918816373,43.2285963838667,212012.074083604,0.018279269876276,491300.077754431,0,0,0,308.997088641567,102.580660299393,10.081675578506,0,0,0,0,0,2.87057943547507,0.220062319901392
99991.0007647986,1.45999849631341,127.283756476035,90.5464034567301,50003.9232602319,3.00103015500196,0.195900758586234,0.101971472466011,863.371051601744,1.35245553203368,370.57984057291,0.113660272981132,0.010057263167252,0.0335274138380183,0.421118953935616,0.0916705911969543,1.83772840078237e-05,1.0275959692756e-06,0.00102639617986551,0.000805156812135976,16.5835460423641,11.8211459457113,0.119128972571285,0.481073761342363,432.242284808371,0.0103421113463299,6.27756137387152e-08,1.47336599371441e-05,0.911238374860979,1.95240149214015,0.953984252605629,5.14228102457678,4.4642701192687e-06,5.60111750341822e-06,0.417367425598887,0.101777326088292,0.508599093377403,0.000760900568774028,0.000898758373861619,0.00369325070940148,1.00010492490244,36.3836376782395,0.0604176888611739,43.6482807982689,211998.966609207,0.0180152228939029,471627.715396348,0,0,0,295.386953682411,98.5987248293769,10.2891338461893,0,0,0,0,0,2.89584994210151,0.213364383257821
100019.964175009,1.45999999994021,127.282693813451,89.3682116097443,49996.4828763785,3.00199999999758,0.195687446751765,0.0983299392278005,863.367544467966,1.35245553190909,370.632450866496,0.113696163153899,0.00993677335692789,0.0332,9.62787846343147,0.0883261090782182,7.96599957077137e-06,2.42313740386651e-05,0.000811838109543885,0.00119999082726387,16.3431457505076,11.8,0.12,0.52,431.108063009414,0.0103475318512814,1.95265199983271e-05,4.7733822374302e-05,0.867956,1.97659956796044,1.0094,4.88364144202388,5.00000003888804e-08,7.34925033005578e-06,0.419999542448826,0.102,0.509239293314275,0.00366610853801633,0.00632655532033676,0.00733424065552317,1.02,35.5527864045,0.0635,43.6238177275904,211990.036660347,0.0206049592004981,462690,0,0,0,291,102.626104825316,9.70012438115423,0,0,0,0,0,2.84251855363501,0.223157708637286
99983.4404094946,1.45999712676747,127.313610520275,90.5781358929333,49999.2205401772,2.99947437702086,0.192,0.101628900382095,863.369592536025,1.35245538276062,370.476422615226,0.113630057605891,0.0100632455532034,0.0332659304934241,10.11,0.0837212981304642,1.00530581434606e-06,2.45832951923281e-05,0.000859571077894889,0.000909730559980217,16.8852384302667,11.8130353013868,0.119988918385715,0.519662483545276,431.330982219142,0.0103422087099557,2.95125142714652e-05,4.87928774549861e-05,0.917483991705758,2.03709389110409,0.969378102686914,4.87600999313726,6.49556532033676e-06,5.45886607953796e-06,0.384490534705654,0.101583543774563,0.508141498013495,0.000462682241015741,0.00519550965348244,0.0163245553203368,0.984781147073648,36.412530143723,0.0634991293646783,43.6494704971836,211985.944725934,0.0190060555827344,490954.595870035,0,0,0,308.754688795852,102.369613171495,10.2890126576994,0,0,0,0,0,2.88467544324752,0.231694332814109
99980,1.45999997051148,127.279220613579,89.3725767737184,49993.6754446797,2.99919922064594,0.192445315896246,0.0985852955349636,863.37156892063,1.35245553203368,370.621338963055,0.124452695480044,0.0100629297738287,0.0332,5.88272402406245,0.0916108260703264,1.71190503907976e-05,7.76119012642658e-06,0.001199966131116,0.0011826449188196,17.1264800692147,11.8647708677989,0.10189706021734,0.519823356808073,431.105572809,0.0103421143661709,4.58518233723573e-05,1.54322741679699e-05,0.879454535782423,2.00714841959428,1.00502060312274,5.04982068967223,5.00457138482353e-08,5.95807935433806e-06,0.396569394275965,0.0994504352760325,0.508,0.00143752826657902,1.9213248044484e-05,0.00666931990825186,1.00336482833404,35.5833418623624,0.0604000998145404,43.2823085711196,211990.520246977,0.0200898269411811,479933.755000658,0,0,0,309,97,9.7,0,0,0,0,0,2.89690969659598,0.210979869112302
100004.623384068,1.46,127.279220613579,89.3675444679663,49993.7553129987,2.998,0.195562497695102,0.10195759247767,864.632455532034,1.31854667191134,370.571070278097,0.124794472887201,0.0100632427612825,0.0335993748392355,9.43257297508113,0.0963245553203367,1.72219129234512e-05,2.487e-05,0.00080008447528315,0.0008,16.3532306299785,11.8000001239278,0.119893943160153,0.519999593635639,431.105572809,0.0103421113464063,1.06795076519821e-06,1e-08,0.920560359513124,2.0532235847767,0.993463643997335,4.85,6.49556532033676e-06,7.61546281198994e-07,0.419624527120869,0.101999710313485,0.512,1e-06,1e-06,0.0163241767230274,1.02,36.4472135955,0.0604871387212034,43.8324555320337,211990.271748095,0.0253664424470663,462690,0,0,0,308.081503995907,97,10.3,0,0,0,0,0,2.83959799649581,0.191354332179154
100020,1.42010565371276,127.279220613579,89.3675444679663,50006.3245553203,2.99956144638886,0.192012323860344,0.0981086448285895,864.611806749538,1.35245553203368,369.367544467966,0.113575444679663,0.0100632455532034,0.0332,10.11,0.0962775540151038,1.33279003083465e-06,2.487e-05,0.0008,0.00119741872511928,16.3431457505076,12.1977456108982,0.08,0.480049910949236,432.018387101487,0.0229912126157822,6.32555532033676e-05,5.56838133418559e-05,0.867956,2.06,0.9506,4.85767812807435,5e-08,4.20092973675787e-07,0.418351422932299,0.102,0.512,1e-06,0.0056658618393998,0.0118394332676819,0.98,36.4356750565662,0.0616079179892155,43.8324555320337,211985.857864376,0.01,462690,0,0,0,309,102.940039663041,9.7,0,0,0,0,0,2.89326563481381,0.207556092136196
100020,1.44372606629628,129.034584238928,90.4840378417103,49998.8407299653,3.00028670632375,0.192,0.0986568913313505,863.367544467966,1.35245553203368,370.573436603769,0.113575444679663,0.0100632455532034,0.0332816024678015,0.344154285575561,0.0963245553203367,2.487e-05,4.45912365986238e-06,0.0008,0.0011759423923739,16.3431457505076,11.8041753671487,0.0807799772700834,0.52,432.679453218088,0.0152282016162947,2.17584087027668e-05,6.32555532033676e-05,0.901764869229537,2.06,0.9506,4.87909507502024,5e-08,5.90870034663201e-07,0.383807205896412,0.0981484293974424,0.508633951624811,0.0118151102473392,0.00614840031412371,0.00784264535429727,0.984910491827349,36.4472135955,0.0633345348055703,42.5675444679663,211997.874980335,0.0174999163777234,486093.112900516,0,0,0,291,97.745148834806,9.7,0,0,0,0,0,2.87538963901658,0.206535892058661
100018.651415882,1.43733848979668,142.666002703028,89.6031279447934,49997.2167211021,3.00183393817858,0.193585266775052,0.1017946482179,864.4580848144,1.29843543571367,369.775774075343,0.117308239578228,0.0100409721243409,0.033445149215186,8.87304349367772,0.0843023958061919,1.22251682656622e-05,1.05264984156474e-05,0.000970677614418445,0.000982125933184156,16.4868906971078,11.855262490997,0.0950019807516052,0.497577637858879,432.877859108463,0.0189890728845703,1.1750852880607e-06,5.7296336207964e-05,0.918850351450619,2.05926007743349,0.97492161135763,4.8816661624113,5.88618120829071e-06,3.08529578228583e-06,0.38781032072508,0.101977348923061,0.508262221438355,0.00990842489188197,0.00442414360759213,0.0102072202650557,0.988191781626721,35.5925999226479,0.0611567520135232,42.9593208781067,211991.584555824,0.0129770870244453,465019.140389863,0,0,0,300.248279121995,100.569981787301,9.79705219622312,0,0,0,0,0,2.86975213041233,0.214193094116546
100019.14664642,1.45999702971648,127.304947877772,89.3675501147833,49993.6990420179,2.99911380789858,0.192,0.098959803463797,863.375229987385,1.35240939086812,369.994898526913,0.113579700995985,0.0100015143036863,0.0333189030125703,9.80531941131033,0.0927873515112295,2.48541390092888e-05,1.03666610256977e-05,0.000899443023937532,0.000800711204150849,16.774222526599,12.1794741526421,0.114850048654682,0.480026288524259,431.105572809,0.0103615195899841,3.20596460298848e-05,1.39922306344627e-05,0.869208977005161,2.05106903082326,1.00939768202141,5.14997652034983,6.47339524908508e-06,5.78426743435252e-06,0.419500224540942,0.101239177429775,0.511373234577987,0.00978585430960627,0.00372356912942515,0.0121605576926548,0.9800046940276,35.8146424863577,0.0604000000000308,42.5761949325829,211986.829435305,0.0190109506797383,462754.844913074,0,0,0,308.992655070013,102.740268747054,9.89163138572396,0,0,0,0,0,2.86913477898291,0.22038373808541
99981.1573997344,1.45972549652271,127.782742786426,89.3675549187132,50001.5123706855,3.00011113000465,0.192066183931437,0.0985912936715458,864.632455532034,1.35245553203368,369.367894775504,0.124479645762703,0.0100103237004681,0.0336,2.12647581521938,0.0955257806953288,2.48266748247847e-05,2.487e-05,0.000800652467468715,0.00106126584723857,16.891593048279,12.2,0.0800026721069303,0.487073890450811,432.198584465886,0.0103485088035034,8.34031766931631e-06,4.90849194585129e-08,0.907285788895507,1.9796213644266,1.00254881807058,5.10893723569628,2.19444117399994e-06,7.08921068471639e-07,0.380459615094625,0.100389383241807,0.508,3.30301817150993e-06,1e-06,0.0162599964360135,1.01149511984602,36.3935876912666,0.0635,42.6009919873871,211991.217290685,0.0205081369860082,464729.249782435,0,0,0,303.361040014673,97,9.7862084520137,0,0,0,0,0,2.8888078261149,0.205924297761318
100012.956318706,1.46,127.279220613579,89.8918855340273,50006.3245553203,3.00066032574341,0.192,0.102,864.632426125496,1.34615563419741,369.606575799667,0.124793949720713,0.00996247894578504,0.0335994013220473,3.00726968474041,0.0960618451338968,2.41052718410892e-05,2.02920074203097e-05,0.000972709375073911,0.000841696596023396,16.8956563803943,11.877243161196,0.12,0.494843795970803,432.317227250986,0.0103421113463299,1.29863228622039e-05,2.54168871148939e-05,0.921644,1.95068629471327,0.9506,4.85,2.38246281514643e-06,4.79453914197847e-06,0.408235968445953,0.100160043604702,0.510531439150773,0.00890978420250342,0.0061753712305196,0.0132303475351381,0.9913700863315,36.3598477007789,0.0626629122595814,42.5688402998026,211987.249653963,0.0191056342994898,473158.195159289,0,0,0,302.230333590767,99.874159947703,9.71563152550905,0,0,0,0,0,2.87773385443145,0.212100115070334
99996.6412884214,1.46,127.279220613579,90.5094147550432,49993.6754446797,2.99800087008403,0.192003147643395,0.102,863.370603186942,1.35000016938422,369.454037715852,0.11751534625774,0.0099373356280329,0.0336,10.11,0.0934242371767548,1.62729328394131e-06,3.94077421271816e-06,0.0012,0.000801009613867741,16.9222234542037,12.2,0.119989710430793,0.508801136815911,431.228915065146,0.0103421113463299,6.32555532033676e-05,4.95379106317276e-06,0.87931096242721,2.01857810033424,0.98457829566429,4.9265341572463,1.58624666393205e-07,7.15808327337182e-06,0.419999993215457,0.101193927930143,0.509772337441743,0.0041018500109137,0.00476983121105361,0.0036754587306735,1.02,36.4472135955,0.0605594114240647,43.78267351834,212011.725039957,0.0191174950686326,488205.856814809,0,0,0,292.753580517585,97.8949169955065,9.71872490193909,0,0,0,0,0,2.888678943628,0.206038088583304
100020,1.45999825649203,127.29353585813,89.4679971644482,49998.0820277622,2.9988208934032,0.192162802579094,0.0991539577098939,863.37703498934,1.35245553203368,370.568503018345,0.125338712524053,0.0100632455532034,0.033590582541412,7.14583890967258,0.0859344923189354,8.62837389044838e-06,8.57918999910751e-06,0.00118565725659853,0.00115104811795303,16.8889947125518,11.8002171018281,0.0935347550977209,0.519617227247547,432.894414809597,0.010343503236997,6.2101222710423e-05,5.77247957186734e-05,0.921253983014233,1.94186387635045,1.00039509824933,5.12794958798551,5.22862805153751e-08,6.86167678881033e-06,0.387242607748118,0.100851206999632,0.509590780160755,0.000641257616782748,0.0048168575332181,0.00367577319282211,1.00463639573199,36.3447584179508,0.0630780647617902,43.8324239640242,212013.99855553,0.0192819002459723,485425.287588092,0,0,0,309,101.67517280617,10.292620497575,0,0,0,0,0,2.8828037693487,0.217201036078788
100019.534904199,1.45999285951633,127.279263442889,90.5831650877931,50004.1616582072,3.00161926092582,0.194924442811557,0.0980174600703883,863.367915820675,1.35080789232299,370.621267788925,0.126085196919671,0.0099367777606592,0.0335881395319442,0.368474146373166,0.0848283837794026,5.1797792044783e-06,1.19317660647546e-05,0.0010086589969498,0.00117590692641412,16.7005382187185,11.8000000197217,0.0822596922171392,0.486076072614099,432.601901012615,0.0103774491341168,4.29752033577421e-06,5.60024679421481e-06,0.898187652339081,2.0595678466711,1.00939749327211,5.15,5.88092815969682e-06,1.19604778679649e-06,0.380316957926167,0.0988417234026219,0.508042795936058,0.00370260690769434,0.00228647160948297,0.00685518938473086,0.980011082017532,36.4465252502349,0.0634860386805584,43.1056923927515,212011.147679467,0.018746340120184,466691.49531012,0,0,0,300.135575951408,97.0025756742182,10.2986148736802,0,0,0,0,0,2.8941090757938,0.198679273086382
100017.410880335,1.46,127.279220613579,89.8598471690129,50000.1182870704,3.00074617330642,0.19444001187931,0.100410406668504,864.632455532034,1.2958581410237,370.249859823917,0.114163626286668,0.0100136793276055,0.033599981220263,1.85619916853159,0.0853253180076243,1.10633701762258e-05,1.2698744816101e-05,0.00116548732965214,0.000894539074783053,16.3431457505076,12.0375754646525,0.119848162943415,0.480000031642139,431.146176991401,0.0150886787079694,1.06899814148179e-05,1.8576326611187e-05,0.868034299781356,1.95092076747222,0.982043024844118,5.15,8.61770375245734e-07,3.31655926081564e-07,0.415869999293119,0.098,0.511471150425049,0.00754880344501657,0.00448345856213474,0.00567320805065747,0.982436156989084,35.9983874679285,0.0604144760851533,42.6286026712373,211992.172400999,0.0198715684900484,463776.244141404,0,0,0,296.268295775321,97.0021643395567,9.7,0,0,0,0,0,2.83427688606121,0.213395142424664
99980.3976686146,1.45999985690316,127.426393593544,89.3675444679663,49993.6754446797,2.99800118828112,0.192,0.100122901481715,863.378299798415,1.34145250653408,369.367641767105,0.126223058691203,0.0100617829759578,0.0334638729900275,10.0138609852099,0.0937510183290794,2.487e-05,2.4740799196474e-05,0.00105707552940264,0.000909477080895027,16.3434685634485,11.84957079012,0.0800275674135838,0.52,432.889562522385,0.0103422767004834,1.25049873309768e-06,7.432018736813e-07,0.921644,2.05995888187166,1.00922257797656,4.85,5.83931536165428e-06,3.0085840131991e-07,0.41934479119072,0.101906039816213,0.512,1e-06,1e-06,0.0145520874430172,1.01981083628945,35.8650112167976,0.0628165183217348,43.8324416264736,211985.893537222,0.0227654241647247,491310,0,0,0,308.104732939502,98.649549499488,10.2955850123667,0,0,0,0,0,2.84276528287989,0.22985878726054
100019.963390378,1.46,127.279220613579,89.3675461099616,49997.8458694979,3.00199985740933,0.192109752972827,0.101999979829142,863.370221846292,1.34804654386286,370.287241206929,0.126224555320337,0.010062794279706,0.0335208502081795,0.477689750114227,0.0950643731347427,1.04264487198115e-06,1.78664674158495e-05,0.000938524898700905,0.00103633855092304,16.8116135361375,11.8003708036517,0.08,0.507275690219753,432.86811274097,0.0103421113463299,8.89000348891968e-06,1.09123969113566e-06,0.902908034484903,1.99878316390977,1.0094,5.11250890670207,6.49553107734731e-06,7.51445532033676e-06,0.383983417351223,0.0980555469466944,0.510841158635775,0.0121788065820315,0.00582089943459591,0.01632454558055,0.98626612236384,35.5527864045,0.0634941973379342,43.4043406610801,211988.502052654,0.0190923249130249,489754.697556669,0,0,0,309,97.0076165915873,9.94343271078863,0,0,0,0,0,2.8816318666977,0.188239602250152
99987.6146035932,1.46,127.576217420641,89.8549293547434,50005.3807081944,2.9984254925306,0.195974060926479,0.098205239003733,864.632238703827,1.35245553203368,370.632455419922,0.113868376869685,0.0100413996794843,0.0332080994649977,2.36956706081143,0.0836857268274676,1.06671068012251e-05,2.14908440092695e-05,0.000987823871274761,0.00117107877563717,16.7973893724514,11.8001540453267,0.118546481366595,0.513398305100584,431.429080719068,0.0103547444297543,4.75479384032813e-05,6.14348850127813e-05,0.868213197565378,1.96025601644614,0.952638741926732,4.85005262596788,5.34442319956525e-08,3.12866604251427e-07,0.380061145328721,0.0981238454041295,0.508,5.41312841803878e-06,0.0061242074307185,0.0163190317758456,1.01779023433279,36.445571353713,0.0604021478236374,42.5892576638478,212014.009207762,0.0185623733173813,469286.307482221,0,0,0,294.428055859792,102.973625355578,9.75348368020311,0,0,0,0,0,2.90404033070459,0.233008428185263
99985.4203258072,1.42,155.558970280417,90.6324408742328,50000.2646288569,3.00112182013281,0.195742059230959,0.0999267667345861,864.080507445272,1.35241130547912,370.523761574609,0.113576715059352,0.0100601257918704,0.0332000795592931,4.0616913040842,0.0916071808157812,8.84848019780304e-06,1.00032290750305e-06,0.000878653863302566,0.0012,16.4695798050999,12.0032848392528,0.105025811631508,0.480000074989838,431.913928907568,0.010892382457878,6.25259527679156e-05,6.35177138005271e-06,0.921567455869976,1.99251979126592,1.00604219870639,4.86434537183901,5.89950938869814e-06,1.34159499406358e-06,0.413326959152314,0.102,0.512,8.00772882158967e-05,0.00631192776434771,0.0116132978078671,1.01842855833157,35.6028221749662,0.0605304503503969,42.7241716228848,211985.862477981,0.0170864404959923,483497.559569327,0,0,0,308.999460877452,98.5629202920132,10.0638406210512,0,0,0,0,0,2.88086947237796,0.196589782802032
100001.775347047,1.46,127.279220613579,89.3719618654233,49998.0406583397,2.99806557687671,0.192805836129961,0.0989219355037568,864.632120545251,1.35232085955726,369.603668602858,0.114253378136752,0.00997326724041856,0.0332431794435974,6.14935400425577,0.0836810849577344,1.81004692872385e-06,1.97855268943726e-05,0.00114143619425189,0.000814028499663792,16.359697180179,11.8355720534573,0.12,0.48,431.275617389427,0.010504122642113,5.24625094288378e-06,3.21413015936129e-05,0.920962588282414,2.03101558634524,1.0094,5.01503648816877,2.86484814590749e-07,6.77839898637331e-06,0.408997197101047,0.0991613225497646,0.508868375492413,0.00158365176166856,0.00577898267235012,0.0116768186896903,0.994600610442965,36.413413480351,0.0632176450147116,42.7661566808862,211997.23070261,0.0206998978250558,462711.344107346,0,0,0,308.952343156478,98.8150489041874,10.2988146180844,0,0,0,0,0,2.84689780471361,0.229924594800325
99980.0038582768,1.46,127.294813555046,90.6310158236515,49994.0193184668,2.99925889311233,0.192065242659917,0.101994564257255,863.372165741725,1.35155459024508,370.632455532034,0.122651280793332,0.00996709840745357,0.0332006780567961,10.11,0.0855112955347345,2.66419896458206e-06,2.17053575905057e-05,0.000838474758326881,0.00117413282482249,16.8620717265936,12.1717829653036,0.119998534347845,0.48,432.894427191,0.0103605637687841,4.92841208038136e-05,8.80462639306804e-06,0.921396753186978,2.02774475573755,0.9506,5.15,5e-08,7.51445532033676e-06,0.404780755245264,0.0983063823359963,0.51192225798427,2.66066837920594e-05,0.00627479144101677,0.005657869764576,1.02,36.4331741752185,0.0606919133437359,43.7420679513605,211985.860179146,0.018879552912536,462691.982365737,0,0,0,308.783826029007,102.864895892289,9.87103220564641,0,0,0,0,0,2.89795358850283,0.224491259395969
100019.39833947,1.46,127.279220613579,90.4857149934969,50006.0374819558,3.00006547277168,0.196,0.102,864.631679937349,1.33791836847995,369.472968473022,0.113575444679663,0.00993675444679663,0.0335999484604777,10.0834151601723,0.0946933144865735,1.72913283599703e-05,2.6134241286465e-06,0.00114264270115392,0.000824031362849256,16.3431457505076,12.1000155282882,0.119538041846927,0.48,432.83141793454,0.0131131705481935,6.28827757928774e-05,6.18662095873732e-05,0.921168769382368,2.05271055008884,0.964862257429164,4.85786555950099,5e-08,3e-07,0.38150921168829,0.0985503407771115,0.508,0.00936750733579603,0.00508192036151648,0.00752959255504549,1.01955066253362,35.5527864045,0.0635,42.576815963571,212009.210329801,0.0179211434341596,464538.465334822,0,0,0,299.301538269098,97,10.1247815432916,0,0,0,0,0,2.87771272351405,0.226056681784795
100018.039915864,1.46,127.376967507573,89.3675444679663,49994.8392931635,3.002,0.192137169056698,0.0995371386660369,863.814158968123,1.33862089249965,370.632455532034,0.116055850997153,0.00999721333567285,0.0332841241362858,6.55365532391943,0.0875861237611035,5.3859340246718e-06,1.20957423623197e-05,0.00109178360320395,0.000895818807647244,16.8549597007616,12.2,0.0822167766900252,0.51378803928615,432.2718603881,0.0103421113463299,1.1870683865926e-06,1.04636430201007e-06,0.877674382144711,2.01263025256456,0.992744758927543,4.88813439900176,3.74996342744555e-06,8.40238127798831e-07,0.389543395216172,0.100579749103214,0.508000020547064,0.00682458087048225,0.00627059362933888,0.00874633594864934,0.9805728148222,35.6110786713945,0.0635,43.7612290562106,212011.216654573,0.0192303763156366,479245.837973815,0,0,0,291.240112081973,100.844506565822,9.70091463865389,0,0,0,0,0,2.88394484834548,0.222723559438882
99985.582808077,1.45609383929723,129.296514691201,90.0672445611698,49993.8186395821,2.99851187267281,0.19200021698224,0.101260909200893,863.569827164715,1.35243882516176,369.862127210705,0.125023922284867,0.0100176224367166,0.0336,5.37707676789706,0.0870603427336693,2.14441193439117e-05,2.23106329919256e-05,0.000802769992732141,0.000891859949465322,16.8769182840402,11.8000148388278,0.119884854688451,0.513555434321303,431.511701737318,0.011680375553326,6.23371454011245e-05,1.44865270111263e-06,0.882484521834596,2.01481915997196,0.950615512150982,4.85287817478004,2.53851298877471e-06,3.81504913549231e-07,0.38,0.101999954163305,0.510173100829313,0.00256224997144895,0.00202563264082031,0.0162153024436868,0.986323236331679,35.8248160835187,0.0634909984030897,43.8256212770626,211987.563271565,0.0187720731331684,489096.207763949,0,0,0,307.320524073589,97.0347320813526,9.7514593169066,0,0,0,0,0,2.87506960094241,0.204375642808517
100019.652873935,1.46,127.279220613579,90.4159250762466,49994.0119060178,3.00199028716021,0.196,0.102,864.632455532034,1.35165586790334,370.625289704676,0.12174794816233,0.00996949041408581,0.0335675298446556,8.26158519777497,0.0838008679556595,1.04041665235692e-05,1.05819207462132e-05,0.00118520939345234,0.00117447580476152,16.3434569064059,12.0726951276266,0.0800000017797462,0.506666705547348,431.123175964067,0.011301062341601,6.32555532033676e-05,5.25993210000474e-05,0.909976343685882,1.97466991696885,0.950652117123793,4.8500081284542,4.75049369142767e-07,4.8848138585872e-06,0.40175425708508,0.099245479640833,0.508869214251444,0.0116032217468093,0.00496977163033741,0.00548803731756555,0.980008038418827,35.9564058032696,0.0628872785706183,43.8324555320337,212013.838485075,0.0208516605165266,491310,0,0,0,308.620600350469,99.8061311291954,10.1504803927216,0,0,0,0,0,2.83881561420306,0.230648101051535
100001.156053374,1.459996819652,127.279220613579,89.3866784264596,49994.0297967327,3.00137234784463,0.196,0.102,863.367544467966,1.35201038526134,369.368617492759,0.113577515613321,0.00993678365786082,0.0335987606792976,9.91512412067694,0.0836966967370825,1e-06,1.06077068371307e-05,0.000807623481922804,0.000800323091924193,16.3431457505076,12.2,0.0800024956526335,0.480002690110584,431.144686656397,0.0103421113463299,6.28565261107285e-05,1e-08,0.921644,2.06,1.0094,5.15,4.97452525515804e-06,7.51445532033676e-06,0.384035015537338,0.098,0.508,1e-06,1.42300334544069e-06,0.00367544467966324,1.0198148060522,35.5527864045,0.0635,43.3960758801142,211998.57078132,0.017713595128487,491302.97029877,0,0,0,309,103,10.2999696160872,0,0,0,0,0,2.90858995995742,0.207068171899701
100019.967425505,1.46,127.281634847276,90.5130850922584,50003.9282570988,2.99839588543027,0.19200382854511,0.0982463844707702,863.367544467966,1.35245543676924,370.463139734022,0.113619296596475,0.00995585196468945,0.0335987005148902,10.11,0.0923473865180515,1.28911016612011e-06,2.40000117663902e-05,0.00104069817823151,0.000800034813187889,16.3431488701687,11.8068699057601,0.12,0.504379958962252,431.528081768451,0.0105586051676098,2.06987491438729e-08,6.20713767569022e-05,0.896246427437775,2.05656019704615,0.965013612233905,5.10477122739858,6.49556532033676e-06,3.33404579984463e-07,0.419999967543643,0.101098653238296,0.508716075339926,1e-06,0.00597338767703588,0.0108841687986979,1.01808534526796,36.1077760960185,0.0615104443411247,43.8324555320337,212014.142135624,0.0208043037117,462963.024100266,0,0,0,308.986408551337,103,10.2662704138795,0,0,0,0,0,2.83921918806446,0.238006647103156
99980.0020610776,1.4599604748301,127.293934626293,90.5600478618553,50006.1870521481,2.99966268247673,0.19200327137569,0.100796346047058,864.59576385755,1.35245553203368,370.632455532034,0.122320262559455,0.00993675444679663,0.0333590435584602,6.81749851618741,0.0836754446796632,2.1868785070013e-05,5.77743122659073e-06,0.000937997341054411,0.0008,16.3431457505076,12.2,0.108642074282705,0.507384921486281,431.105572809,0.0161646205178914,5.5056458934349e-05,6.32555532033676e-05,0.867956,1.94005259756994,1.00267734601103,5.15,2.61300389816475e-07,3e-07,0.40986690174632,0.098,0.511712820597684,0.0111934928448652,0.00585230123055478,0.0159098682012044,1.00575665767161,36.3705728274002,0.0604,42.646458045046,212014.140948586,0.0200294466974631,491310,0,0,0,303.323223833649,97.003588682023,9.70446165624056,0,0,0,0,0,2.82831081859616,0.225314110399273
100016.760388384,1.46,127.385951454587,89.3675525679277,50000.9331605041,2.99811677176237,0.192023914895415,0.098,863.367558061559,1.35245553203368,370.143929013883,0.12349772238493,0.00993675444679663,0.0336,9.02363734928294,0.0934872395176935,1.95046848503249e-05,2.487e-05,0.00114765611026845,0.00106440646511223,16.3431457505076,11.8005105575885,0.0870753513590561,0.518692004286119,432.894427191,0.0103440179265517,1e-08,6.29813652345022e-05,0.867956,2.05993304330545,0.996218930538975,4.89497994822547,5.89706562398193e-08,7.25421883430706e-06,0.380093607044399,0.0980238697336441,0.508397848538894,4.20631464796746e-06,1e-06,0.00367552573860369,0.985708713364018,36.4472135955,0.0634816480537407,43.8324555320337,212014.101246147,0.0212729704967429,466842.451767258,0,0,0,309,103,10.1280421296605,0,0,0,0,0,2.84937700565119,0.204195244427999
100003.53332482,1.45953602315738,127.6267000187,90.6274665987601,50006.3178109125,3.00147902281484,0.19359614561934,0.101873787713356,863.398400488815,1.34977059691776,370.502502776826,0.123429500860857,0.0100318010542885,0.0335999912904652,1.95039444909097,0.0940924015537392,1.85179907502822e-06,6.46308954771393e-06,0.000937289423511529,0.000831343571629439,16.8691458375993,11.8415875844863,0.0934603232754512,0.516845538754295,432.219690915113,0.0103421113463299,5.36806520615805e-05,2.74169617822744e-05,0.892475875865844,2.03299726298004,0.995237494583083,4.95216176199878,2.2055899620524e-06,4.91056867276459e-07,0.419467607006932,0.098657106745529,0.511333402372475,0.00124717678368574,0.00311365495524934,0.0136361896497469,0.989044291503815,35.658249007192,0.0630528288058115,43.8324555320337,212011.92583913,0.0191031253154526,482756.220591338,0,0,0,308.523967190966,102.296642930807,9.9149388028728,0,0,0,0,0,2.88030634462375,0.205171704113301
99981.3639820688,1.45998870451395,127.279220613579,89.6516643776596,50006.3245553203,3.00181319064524,0.192,0.101230243157363,863.390860012,1.33842187191389,369.567127524125,0.126223759173479,0.00995783662330833,0.033597912663322,5.63235738826253,0.0885508156846553,2.17038697892531e-05,2.33098622324652e-05,0.00080548737992243,0.0008,16.343569029286,12.1830327543537,0.0807486509403451,0.488567203139468,431.680936111562,0.0114784856290998,6.320539064404e-05,4.84743082308532e-05,0.894143312520694,1.98599452250909,0.997759528939302,5.14999992794966,6.23249489823557e-08,7.15916673467536e-06,0.38,0.0993640356041083,0.512,0.0145085260542547,0.00632655532033676,0.016221910094896,1.01342576072861,35.5527864045,0.0616615947546723,42.6198007158531,212004.249583537,0.0207709835180574,483305.134984561,0,0,0,308.999588464579,97.6449079108737,9.70000927523397,0,0,0,0,0,2.83963734949378,0.182416192789682
100019.394183305,1.45999636438371,127.279220613579,90.2852034982922,50000.0043182075,3.0003367190208,0.196,0.0995912408635073,863.367615559597,1.35189676291767,369.374491042662,0.114030228576441,0.0100199007605631,0.0335998959334617,1.18332551139553,0.0952406924651756,1.87711145361799e-06,4.54636554689609e-06,0.000854551359291967,0.00102238019922485,17.0856855677223,11.8000116262154,0.0967960210231968,0.519526406297753,431.107438546079,0.0104445722036833,3.08045313313907e-05,3.9460487153917e-06,0.867972044065116,2.02688169502333,1.00865645204192,4.91564432155086,1.57104934994656e-06,1.72406892208334e-06,0.42,0.10190490127424,0.511396488403363,0.000695135275905754,1e-06,0.00367544467966324,1.01487255328653,35.5772023040741,0.063128319614207,43.1201600404588,211985.858749393,0.0198182182403558,462982.906068106,0,0,0,291.948367535465,97.5561096866413,10.1594179007662,0,0,0,0,0,2.88536671570032,0.220022237532519
99992.4750531259,1.45996778826812,127.29567356208,89.6604453021419,50001.8798286189,3.00121654527024,0.192022211954763,0.0985279885293261,863.645340450328,1.34552349648652,369.5419436075,0.125663877158764,0.00998061790853803,0.0332068363820997,8.01802373918339,0.094517175456261,2.05931850379255e-05,1.99414183388698e-05,0.00100377181421318,0.000912676501159837,16.3448622490909,11.9640858734889,0.107790879609355,0.480369310852965,431.150068083171,0.0105606734561683,1.93118668579007e-05,4.36949637012377e-05,0.868181312376813,1.94062992716377,0.974831197284711,5.08427199468454,4.82640043212991e-06,7.47112292314619e-06,0.410131374563985,0.0999180009247597,0.508604284696912,0.0096554721415145,0.00632655532033676,0.0158832951278258,1.0185313056929,36.4169283327429,0.0633924759429124,43.5798684648573,212013.956016509,0.0205921739503071,467001.647828498,0,0,0,304.578956374182,103,10.2599462672779,0,0,0,0,0,2.85143461355747,0.215369564828497
99986.8161231554,1.42000431783092,127.279220613579,90.4699268474514,50000.9894758584,2.99987162072113,0.192034412364267,0.100829298739219,863.369578281486,1.3509553659876,370.381924704673,0.125322190178393,0.00999140938861235,0.0335224432828775,4.1453391005843,0.0963245553203367,7.1213294278229e-06,1.09447330251791e-06,0.000806760437920416,0.000872390042768334,16.3431457505076,11.9443292610973,0.111460300567452,0.480061390296501,432.864548464084,0.0126219967791398,1.09349607390292e-05,5.32239217934987e-05,0.895332053475097,2.03390591276618,1.00253173670949,4.87688293219432,1.5202322408398e-06,7.51433706818761e-06,0.387741647660653,0.0986247312568565,0.511994158092338,0.00528053911732119,0.00534881768249473,0.00421429452875345,1.02,35.9110740573937,0.0609236875662827,42.5802601730325,212008.434983048,0.0186423210564631,491042.743785597,0,0,0,294.765993449271,97.4482758207844,10.0015249993061,0,0,0,0,0,2.85030468728717,0.226928083796071
